Marca,Cor,Vendedor,Produto,Tags,Preço Original,Preço Pix,Preço Parcelado,Quantidade de Parcelas
Melissa,Marrom,Dafiti,Sandália Melissa Possession Marrom,"Calçados,Calçados Femininos,Sandálias","R$ 169,99","R$ 89,99","R$ 95,73",1x
Melissa,Preto,Dafiti,Sandália Melissa Sun Barra Platfor Preta,"Calçados,Calçados Femininos,Sandálias,Sandália Plataforma","R$ 169,90","R$ 99,99","R$ 106,37",1x
Melissa,Azul,Dafiti,Sandália Melissa Sun Barra Platfor Azul,"Calçados,Calçados Femininos,Sandálias,Sandália Plataforma","R$ 169,90","R$ 89,19","R$ 94,88",1x
VIA UNO,Dourado,Dafiti,Mocassim Via Uno Aplicação Dourado,"Calçados,Calçados Femininos,Mocassim","R$ 99,99","R$ 59,99","R$ 63,82",1x
VIA UNO,Dourado,Dafiti,Sandália Feminina Via Uno Tiras Dourada,"Calçados,Calçados Femininos,Sandálias,Sandália Salto Grosso","R$ 119,99","R$ 79,99","R$ 85,10",1x
Melissa,Marrom,Dafiti,Sandália Melissa Possession Marrom,"Calçados,Calçados Femininos,Sandálias","R$ 169,99","R$ 89,99","R$ 95,73",1x
Bebecê,Caramelo,Dafiti,Sapatilha Bebecê Croco Caramelo,"Calçados,Calçados Femininos,Sapatilhas,Sapatilha Bico Fino","R$ 89,99","R$ 54,99","R$ 58,50",1x
Vizzano,Branco,Dafiti,Tênis Feminino Vizzano Cadarço Branco,"Calçados,Calçados Femininos,Tênis,Tênis Casual","R$ 179,90","R$ 134,99","R$ 143,61",2x
Bottero,Preto,Dafiti,Bota Bottero Cano Baixo Texturizada Preta,"Calçados,Calçados Femininos,Botas,Bota Cano Curto","R$ 269,99","R$ 184,99","R$ 196,80",3x
Santa Lolla,Amarelo,Dafiti,Sandália Feminina Santa Lolla Laço Couro Amarela,"Calçados,Calçados Femininos,Tamanco","R$ 199,90","R$ 169,99","R$ 180,84",3x
Bebecê,Caramelo,Dafiti,Sapatilha Feminina Bebecê Slingback Efei...,"Calçados,Calçados Femininos,Sapatilhas,Sapatilha Bico Fino","R$ 89,99","R$ 54,99","R$ 58,50",1x
VIA UNO,Café,Dafiti,Rasteira Papete VIA UNO Lisa Café,"Calçados,Calçados Femininos,Papete","R$ 119,99","R$ 94,99","R$ 101,05",1x
Melissa,Vermelho,Dafiti,Chinelo Melissa Sun Long Beach Vermelho,"Calçados,Calçados Femininos,Chinelos","R$ 69,90","R$ 29,99","R$ 31,90",1x
Modare,Marrom,Dafiti,Sapatilha Modare Fivela Marrom,"Calçados,Calçados Femininos,Sapatilhas,Sapatilha Bico Fino","R$ 119,99","R$ 79,99","R$ 85,10",1x
VIA UNO,Marrom,Dafiti,Sapatilha Feminina VIA UNO Detalhe de Laço Marrom,"Calçados,Calçados Femininos,Sapatilhas,Sapatilha Bico Redondo","R$ 99,99","R$ 59,99","R$ 63,82",1x
Melissa,Bege,Dafiti,Sandália Melissa Sun Barra Platfor Bege,"Calçados,Calçados Femininos,Sandálias,Rasteirinhas","R$ 169,90","R$ 105,19","R$ 111,90",1x
Modare,Dourado,Dafiti,Mocassim Modare Aplicação Dourado,"Calçados,Calçados Femininos,Mocassim","R$ 129,99","R$ 75,99","R$ 80,84",1x
Bebecê,Caramelo,Dafiti,Scarpin Feminino Bebecê Salto Quadrado B...,"Calçados,Calçados Femininos,Scarpin","R$ 129,99","R$ 69,99","R$ 74,46",1x
Vizzano,Preto,Dafiti,Scarpin Feminino Vizzano Bico Fino Preto,"Calçados,Calçados Femininos,Scarpin","R$ 149,90","R$ 109,99","R$ 117,01",1x
VIA UNO,Caramelo,Dafiti,Tamanco Via Uno Lisa Caramelo,"Calçados,Calçados Femininos,Tamanco","R$ 119,99","R$ 79,99","R$ 85,10",1x
Santa Lolla,Caramelo,Dafiti,Sandália Feminina Santa Lolla Salto Baix...,"Calçados,Calçados Femininos,Sandálias","R$ 229,90","R$ 139,99","R$ 148,93",2x
Melissa,Rosa,Dafiti,Chinelo Melissa Sun Long Beach Rosa,"Calçados,Calçados Femininos,Chinelos","R$ 69,90","R$ 34,99","R$ 37,22",1x
Vizzano,Caramelo,Dafiti,Tamanco Vizzano Tira Transpassada Caramelo,"Calçados,Calçados Femininos,Tamanco","R$ 119,99","R$ 59,99","R$ 63,82",1x
Dakota,Rosa,Dafiti,Rasteira Feminina Dakota Tiras Corrente Rosa,"Calçados,Calçados Femininos,Rasteirinhas","R$ 139,99","R$ 89,99","R$ 95,73",1x
Modare,Marrom,Dafiti,Sandália Papete Modare Tira Dupla Marrom,"Calçados,Calçados Femininos,Papete","R$ 179,99","R$ 99,99","R$ 106,37",1x
Santa Lolla,Preto,Dafiti,Sandália Feminina Santa Lolla Salto Médi...,"Calçados,Calçados Femininos,Sandálias,Sandália Salto Fino","R$ 199,90","R$ 159,99","R$ 170,20",2x
Modare,Preto,Dafiti,Sapatilha Modare Recorte Preta,"Calçados,Calçados Femininos,Sapatilhas,Sapatilha Bico Redondo","R$ 99,90","R$ 77,99","R$ 82,97",1x
Beira Rio,Marrom,Dafiti,Sandália Feminina Beira Rio Salto Bloco Marrom,"Calçados,Calçados Femininos,Sandálias,Sandália Salto Fino","R$ 99,90","R$ 63,99","R$ 68,07",1x
Vizzano,Nude,Dafiti,Rasteirinha Vizzano Lisa Nude,"Calçados,Calçados Femininos,Rasteirinhas","R$ 79,90","R$ 57,99","R$ 61,69",1x
Santa Lolla,Caramelo,Dafiti,Sandália Feminina Santa Lolla Salto Quad...,"Calçados,Calçados Femininos,Sandálias,Sandália Salto Grosso","R$ 199,90","R$ 134,99","R$ 143,61",2x
Vizzano,Off-white,Dafiti,Scarpin Vizzano Salto Grosso Off-White,"Calçados,Calçados Femininos,Scarpin","R$ 139,90","R$ 109,99","R$ 117,01",1x
Beira Rio,Preto,Dafiti,Sandália Feminina Beira Rio Salto Médio Preta,"Calçados,Calçados Femininos,Sandálias,Sandália Salto Grosso","R$ 139,90","R$ 94,99","R$ 101,05",1x
Modare,Bege,Dafiti,Mocassim Modare Aplicação Bege,"Calçados,Calçados Femininos,Mocassim","R$ 139,90","R$ 71,89","R$ 76,48",1x
Vizzano,Preto,Dafiti,Sandália Vizzano Salto Grosso Preta,"Calçados,Calçados Femininos,Sandálias,Sandália Salto Grosso","R$ 109,99","R$ 89,99","R$ 95,73",1x
Vizzano,Off-white,Dafiti,Tênis Feminino Vizzano Cadarço Off-White,"Calçados,Calçados Femininos,Tênis,Tênis Casual","R$ 159,99","R$ 144,99","R$ 154,24",2x
Bebecê,Dourado,Dafiti,Sandália Bebecê Metalizada Dourada,"Calçados,Calçados Femininos,Sandálias,Sandália Salto Grosso","R$ 109,99","R$ 79,99","R$ 85,10",1x
Santa Lolla,Preto,Dafiti,Tênis Santa Lolla Sem Cadarço Preto,"Calçados,Calçados Femininos,Tênis","R$ 239,99","R$ 149,99","R$ 159,56",2x
Vizzano,Preto,Dafiti,Rasteira Vizzano Tira Preta,"Calçados,Calçados Femininos,Rasteirinhas","R$ 99,90","R$ 79,99","R$ 85,10",1x
Vizzano,Marrom,Dafiti,Sandália Feminina Vizzano Salto Bloco Ba...,"Calçados,Calçados Femininos,Sandálias","R$ 149,99","R$ 94,99","R$ 101,05",1x
Vizzano,Preto,Dafiti,Scarpin Vizzano Liso Preto,"Calçados,Calçados Femininos,Scarpin","R$ 129,99","R$ 94,99","R$ 101,05",1x
VIA UNO,Preto,Dafiti,Sapatilha Feminina VIA UNO Laço Sintético Preto,"Calçados,Calçados Femininos,Sapatilhas,Sapatilha Bico Redondo","R$ 99,99","R$ 54,99","R$ 58,50",1x
Santa Lolla,Off-white,Dafiti,Scarpin Feminino Santa Lolla Slingback Off-White,"Calçados,Calçados Femininos,Scarpin","R$ 199,99","R$ 139,99","R$ 148,93",2x
Bebecê,Marrom,Dafiti,Scarpin Feminino Bebecê Tira Fivela Marrom,"Calçados,Calçados Femininos,Scarpin","R$ 129,99","R$ 89,99","R$ 95,73",1x
Santa Lolla,Off-white,Dafiti,Scarpin Feminino Santa Lolla Bico Fino S...,"Calçados,Calçados Femininos,Scarpin","R$ 199,99","R$ 154,99","R$ 164,88",2x
Vizzano,Bege,Dafiti,Tênis Feminino Vizzano Cadarço Bege,"Calçados,Calçados Femininos,Tênis,Tênis Casual","R$ 169,99","R$ 154,99","R$ 164,88",2x
Anacapri,Marrom,Dafiti,Rasteira Feminina ANACAPRI Tiras Finas Marrom,"Calçados,Calçados Femininos,Rasteirinhas","R$ 119,90","R$ 104,99","R$ 111,69",1x
Santa Lolla,Caramelo,Dafiti,Scarpin Slingback Santa Lolla Liso Caramelo,"Calçados,Calçados Femininos,Scarpin","R$ 249,90","R$ 164,99","R$ 175,52",2x
Modare,Caramelo,Dafiti,Mocassim Tratorado Modare Fivela Caramelo,"Calçados,Calçados Femininos,Mocassim","R$ 139,99","R$ 74,99","R$ 79,78",1x
Vizzano,Off-white,Dafiti,Scarpin Slingback Feminino Vizzano Salto...,"Calçados,Calçados Femininos,Scarpin","R$ 159,90","R$ 96,99","R$ 103,18",1x
Moleca,Preto,Dafiti,Sandália Feminina Moleca Tiras com Fivela Preta,"Calçados,Calçados Femininos,Sandálias,Sandália Plataforma","R$ 99,90","R$ 66,99","R$ 71,27",1x
Bebecê,Preto,Dafiti,Sandália Feminina Bebecê Salto Quadrado Preta,"Calçados,Calçados Femininos,Tamanco","R$ 119,99","R$ 89,99","R$ 95,73",1x
Bebecê,Off-white,Dafiti,Sandália Bebecê Lisa Off-White,"Calçados,Calçados Femininos,Sandálias,Sandália Salto Grosso","R$ 99,99","R$ 74,99","R$ 79,78",1x
Santa Lolla,Marrom,Dafiti,Scarpin Feminino Santa Lolla Slingback C...,"Calçados,Calçados Femininos,Scarpin","R$ 269,90","R$ 209,99","R$ 223,39",3x
Vizzano,Bege,Dafiti,Scarpin Feminino Vizzano Bico Fino Salto...,"Calçados,Calçados Femininos,Scarpin","R$ 159,90","R$ 114,99","R$ 122,33",2x
Beira Rio,Marrom,Dafiti,Rasteira Feminina Beira Rio Tiras Finas Marrom,"Calçados,Calçados Femininos,Rasteirinhas","R$ 89,90","R$ 59,99","R$ 63,82",1x
Vizzano,Marrom,Dafiti,Sandália Feminina Vizzano Tiras Entrelaç...,"Calçados,Calçados Femininos,Sandálias","R$ 139,99","R$ 109,99","R$ 117,01",1x
Santa Lolla,Preto,Dafiti,Scarpin Feminino Santa Lolla Slingback Preto,"Calçados,Calçados Femininos,Scarpin","R$ 199,99","R$ 139,99","R$ 148,93",2x
Santa Lolla,Caramelo,Dafiti,Tênis Slip On Santa Lolla Suede Caramelo,"Calçados,Calçados Femininos,Tênis,Slip On","R$ 169,99","R$ 119,99","R$ 127,65",2x
Bebecê,Bege,Dafiti,Scarpin Feminino Bebecê Salto Grosso Tex...,"Calçados,Calçados Femininos,Scarpin","R$ 129,99","R$ 94,99","R$ 101,05",1x
Santa Lolla,Branco,Dafiti,Tênis Slip On Santa Lolla Elastico Logo Branco,"Calçados,Calçados Femininos,Tênis,Tênis Casual","R$ 229,90","R$ 144,99","R$ 154,24",2x
VIA UNO,Nude,Dafiti,Sapatilha Feminina VIA UNO Textura Perfurada Nude,"Calçados,Calçados Femininos,Sapatilhas,Sapatilha Bico Redondo","R$ 99,99","R$ 59,99","R$ 63,82",1x
Moleca,Off-white,Dafiti,Sandália Feminina Moleca Duas Tiras Off-White,"Calçados,Calçados Femininos,Sandálias,Sandália Plataforma","R$ 99,90","R$ 74,99","R$ 79,78",1x
Santa Lolla,Preto,Dafiti,Sapatilha Feminina Santa Lolla Corrente Preta,"Calçados,Calçados Femininos,Sapatilhas,Sapatilha Bico Fino","R$ 169,99","R$ 119,99","R$ 127,65",2x
Vizzano,Preto,Dafiti,Scarpin Feminino Vizzano Salto Fino Preto,"Calçados,Calçados Femininos,Scarpin","R$ 149,90","R$ 92,09","R$ 97,97",1x
Santa Lolla,Branco,Dafiti,Tênis Feminino Santa Lolla Casual Branco...,"Calçados,Calçados Femininos,Tênis,Tênis Casual","R$ 169,99","R$ 139,99","R$ 148,93",2x
Modare,Preto,Dafiti,Scarpin Modare Liso Preto,"Calçados,Calçados Femininos,Scarpin","R$ 129,99","R$ 79,99","R$ 85,10",1x
Bebecê,Caramelo,Dafiti,Scarpin Feminino Bebecê Salto Médio Bloc...,"Calçados,Calçados Femininos,Scarpin","R$ 119,99","R$ 64,99","R$ 69,14",1x
Usaflex,Azul Marinho,Dafiti,Tênis Feminino Usaflex Slip On Azul Marinho,"Calçados,Calçados Femininos,Tênis,Tênis Casual","R$ 179,99","R$ 104,99","R$ 111,69",1x
Bebecê,Preto,Dafiti,Mocassim Feminino Bebecê Corrente Preta,"Calçados,Calçados Femininos,Mocassim","R$ 129,99","R$ 69,99","R$ 74,46",1x
Vizzano,Nude,Dafiti,Scarpin Vizzano Slingback Nude,"Calçados,Calçados Femininos,Scarpin","R$ 129,90","R$ 89,99","R$ 95,73",1x
Modare,Off-white,Dafiti,Mocassim Feminino Modare Detalhe Metálic...,"Calçados,Calçados Femininos,Mocassim","R$ 139,90","R$ 83,99","R$ 89,35",1x
Anacapri,Branco,Dafiti,Tênis Feminino ANACAPRI Casual Branco,"Calçados,Calçados Femininos,Tênis,Tênis Casual","R$ 189,90","R$ 149,99","R$ 159,56",2x
Bebecê,Preto,Dafiti,Sandália Bebecê Recorte Preta,"Calçados,Calçados Femininos,Sandálias,Sandália Salto Grosso","R$ 99,99","R$ 59,99","R$ 63,82",1x
VIA UNO,Dourado,Dafiti,Tênis Feminino Via Uno Slip On Dourado,"Calçados,Calçados Femininos,Tênis,Tênis Casual","R$ 199,99","R$ 124,99","R$ 132,97",2x
VIA UNO,Vinho,Dafiti,Scarpin Feminino VIA UNO Salto Médio Vinho,"Calçados,Calçados Femininos,Scarpin","R$ 149,99","R$ 109,99","R$ 117,01",1x
Bebecê,Preto,Dafiti,Sapatilha Slingback Bebecê Ponta Verniz Preta,"Calçados,Calçados Femininos,Sapatilhas,Sapatilha Bico Fino","R$ 89,99","R$ 49,99","R$ 53,18",1x
Bebecê,Bege,Dafiti,Scarpin Slingback Feminino Bebecê Salto ...,"Calçados,Calçados Femininos,Scarpin","R$ 179,90","R$ 99,99","R$ 106,37",1x
Vans,Preto,Dafiti,Tênis Vans Knu Skool Preto,"Calçados,Calçados Femininos,Tênis,Tênis Casual,Calçados Masculinos,Tênis,Tênis Casual","R$ 599,99","R$ 563,99","R$ 599,99",5x
Bebecê,Verde,Dafiti,Scarpin Feminino Bebecê Salto Bloco Bico...,"Calçados,Calçados Femininos,Scarpin","R$ 119,99","R$ 79,99","R$ 85,10",1x
Santa Lolla,Preto,Dafiti,Scarpin Santa Lolla Baixo Preto,"Calçados,Calçados Femininos,Scarpin","R$ 199,90","R$ 134,99","R$ 143,61",2x
Bebecê,Caramelo,Dafiti,Sandália Bebecê Recorte Caramelo,"Calçados,Calçados Femininos,Sandálias,Sandália Salto Grosso","R$ 99,99","R$ 74,99","R$ 79,78",1x
Santa Lolla,Preto,Dafiti,Tênis Slip On Santa Lolla Suede Preto,"Calçados,Calçados Femininos,Tênis,Slip On","R$ 139,99","R$ 99,99","R$ 106,37",1x
VIA UNO,Nude,Dafiti,Sandália Via Uno Tiras Nude,"Calçados,Calçados Femininos,Sandálias,Sandália Salto Grosso","R$ 119,99","R$ 89,99","R$ 95,73",1x
Santa Lolla,Bege,Dafiti,Tênis Feminino Santa Lolla Cano Baixo Bege,"Calçados,Calçados Femininos,Tênis,Tênis Casual","R$ 199,90","R$ 119,99","R$ 127,65",2x
Bebecê,Nude,Dafiti,Sandália Feminina Bebecê Salto Alto Bico...,"Calçados,Calçados Femininos,Sandálias","R$ 119,99","R$ 94,99","R$ 101,05",1x
Santa Lolla,Bege,Dafiti,Sapatilha Santa Lolla Detalhe Superior Bege,"Calçados,Calçados Femininos,Mocassim","R$ 169,99","R$ 114,99","R$ 122,33",2x
Vizzano,Caramelo,Dafiti,Rasteira Feminina Vizzano Tiras Finas Caramelo,"Calçados,Calçados Femininos,Rasteirinhas","R$ 99,90","R$ 69,99","R$ 74,46",1x
Bebecê,Verde,Dafiti,Sapatilha Feminina Bebecê Bico Fino Five...,"Calçados,Calçados Femininos,Sapatilhas,Sapatilha Bico Fino","R$ 89,99","R$ 64,99","R$ 69,14",1x
Santa Lolla,Preto,Dafiti,Sandália Feminina Santa Lolla Couro Salt...,"Calçados,Calçados Femininos,Sandálias,Sandália Salto Fino","R$ 269,90","R$ 214,99","R$ 228,71",3x
Bebecê,Preto,Dafiti,Sandália Bebecê Couro Tiras Entrelaçadas Preta,"Calçados,Calçados Femininos,Sandálias,Sandália Salto Grosso","R$ 99,99","R$ 64,99","R$ 69,14",1x
Santa Lolla,Dourado,Dafiti,Scarpin Feminino Santa Lolla Salto Baixo...,"Calçados,Calçados Femininos,Scarpin","R$ 199,99","R$ 164,99","R$ 175,52",2x
Anacapri,Caramelo,Dafiti,Rasteirinha ANACAPRI Tiras Cruzadas Caramelo,"Calçados,Calçados Femininos,Rasteirinhas","R$ 99,99","R$ 93,99","R$ 99,99",1x
VIA UNO,Preto,Dafiti,Mocassim Feminino VIA UNO Clássico Preto,"Calçados,Calçados Femininos,Mocassim","R$ 139,99","R$ 74,99","R$ 79,78",1x
Bebecê,Preto,Dafiti,Sandália Bebecê Lisa Preta,"Calçados,Calçados Femininos,Sandálias,Sandália Salto Grosso","R$ 99,99","R$ 84,99","R$ 90,41",1x
Bebecê,Nude,Dafiti,Tamanco Bebecê Liso Nude,"Calçados,Calçados Femininos,Tamanco","R$ 99,99","R$ 64,99","R$ 69,14",1x
VIA UNO,Bege,Dafiti,Mule Feminino VIA UNO Detalhe Metálico Bege,"Calçados,Calçados Femininos,Mocassim","R$ 99,99","R$ 64,99","R$ 69,14",1x
Bebecê,Preto,Dafiti,Sandália Feminina Bebecê Tiras Salto Bloco Preta,"Calçados,Calçados Femininos,Sandálias,Sandália Salto Grosso","R$ 109,99","R$ 94,99","R$ 101,05",1x
Santa Lolla,Marrom,Dafiti,Scarpin Feminino Santa Lolla Salto Baixo...,"Calçados,Calçados Femininos,Scarpin","R$ 229,99","R$ 134,99","R$ 143,61",2x
Santa Lolla,Preto,Dafiti,Scarpin Feminino Santa Lolla Salto Metal...,"Calçados,Calçados Femininos,Scarpin","R$ 379,90","R$ 244,99","R$ 260,63",4x
Moleca,Nude,Dafiti,Sapatilha Feminina Moleca Laço Nude,"Calçados,Calçados Femininos,Sapatilhas,Sapatilha Bico Redondo","R$ 79,90","R$ 41,99","R$ 44,67",1x
VIA UNO,Branco,Dafiti,Tamanco VIA UNO Liso Branca,"Calçados,Calçados Femininos,Tamanco","R$ 119,99","R$ 84,99","R$ 90,41",1x
Santa Lolla,Marrom,Dafiti,Tênis Feminino Santa Lolla Couro Marrom,"Calçados,Calçados Femininos,Tênis,Tênis Casual","R$ 199,90","R$ 129,99","R$ 138,29",2x
Santa Lolla,Marrom,Dafiti,Sandália Feminina Santa Lolla Tiras Finas Marrom,"Calçados,Calçados Femininos,Sandálias,Sandália Salto Fino","R$ 199,90","R$ 154,99","R$ 164,88",2x
Santa Lolla,Branco,Dafiti,Tênis Feminino Santa Lolla Cano Baixo Branco,"Calçados,Calçados Femininos,Tênis,Tênis Casual","R$ 199,90","R$ 124,99","R$ 132,97",2x
VIA UNO,Preto,Dafiti,Scarpin Feminino VIA UNO Salto Anabela F...,"Calçados,Calçados Femininos,Scarpin","R$ 159,99","R$ 119,99","R$ 127,65",2x
Santa Lolla,Preto,Dafiti,Sapatilha Santa Lolla Corrente Preta,"Calçados,Calçados Femininos,Sapatilhas,Sapatilha Bico Fino","R$ 149,90","R$ 99,99","R$ 106,37",1x
Santa Lolla,Bege,Dafiti,Sapatilha Santa Lolla Bege,"Calçados,Calçados Femininos,Sapatilhas,Sapatilha Bico Fino","R$ 169,90","R$ 119,99","R$ 127,65",2x
Santa Lolla,Preto,Dafiti,Tênis Santa Lolla Recortes Preto,"Calçados,Calçados Femininos,Tênis,Tênis Casual","R$ 219,99","R$ 159,99","R$ 170,20",2x
VIA UNO,Preto,Dafiti,Bota Feminina VIA UNO Cano Curto Salto Bloco Preta,"Calçados,Calçados Femininos,Botas,Bota Cano Curto","R$ 149,99","R$ 79,99","R$ 85,10",1x
VIA UNO,Preto,Dafiti,Rasteira Feminina VIA UNO Tiras com Apli...,"Calçados,Calçados Femininos,Rasteirinhas","R$ 79,99","R$ 59,99","R$ 63,82",1x
Bebecê,Preto,Dafiti,Scarpin Feminino Bebecê Bico Fino Textur...,"Calçados,Calçados Femininos,Scarpin","R$ 129,99","R$ 89,99","R$ 95,73",1x
Santa Lolla,Nude,Dafiti,Sandália Feminina Santa Lolla Salto Grosso Nude,"Calçados,Calçados Femininos,Sandálias,Sandália Salto Grosso","R$ 199,90","R$ 114,99","R$ 122,33",2x
Bebecê,Dourado,Dafiti,Sandália Feminina Bebecê Salto Alto Dourada,"Calçados,Calçados Femininos,Sandálias,Sandália Salto Grosso","R$ 99,99","R$ 94,99","R$ 94,99",1x
VIA UNO,Marrom,Dafiti,Sapatilha Feminina VIA UNO Detalhe Laço Marrom,"Calçados,Calçados Femininos,Sapatilhas,Sapatilha Bico Redondo","R$ 99,99","R$ 59,99","R$ 63,82",1x
adidas Performance,Branco,Dafiti,Tênis Feminino adidas Performance Adizer...,"Calçados,Calçados Femininos,Tênis,Tênis Casual","R$ 1.099,99","R$ 1.033,98","R$ 1.099,98",5x
Bebecê,Bege,Dafiti,Scarpin Feminino Bebecê Salto Bloco Bege,"Calçados,Calçados Femininos,Scarpin","R$ 119,99","R$ 99,99","R$ 106,37",1x
Beira Rio,Marrom,Dafiti,Sapatilha Clog Feminina Beira Rio Tachas Marrom,"Calçados,Calçados Femininos,Sapatilhas,Sapatilha Bico Redondo","R$ 159,90","R$ 114,99","R$ 122,33",2x
Santa Lolla,Prata,Dafiti,Sapatilha Feminina Santa Lolla Couro Bic...,"Calçados,Calçados Femininos,Sapatilhas,Sapatilha Bico Fino","R$ 209,99","R$ 154,99","R$ 164,88",2x
VIA UNO,Nude,Dafiti,Rasteira Feminina VIA UNO Tiras Cruzadas Nude,"Calçados,Calçados Femininos,Rasteirinhas","R$ 69,99","R$ 49,99","R$ 53,18",1x
Santa Lolla,Marrom,Dafiti,Scarpin Feminino Santa Lolla Couro Marrom,"Calçados,Calçados Femininos,Scarpin","R$ 329,90","R$ 229,99","R$ 244,67",4x
Modare,Off-white,Dafiti,Sandália Feminina Modare Salto Bloco Off-White,"Calçados,Calçados Femininos,Sandálias,Sandália Salto Grosso","R$ 149,90","R$ 94,29","R$ 100,31",1x
Santa Lolla,Dourado,Dafiti,Sandália Feminina Santa Lolla Couro Dourada,"Calçados,Calçados Femininos,Sandálias","R$ 299,90","R$ 249,99","R$ 265,95",4x
Santa Lolla,Preto,Dafiti,Scarpin Santa Lolla Couro Anabela Preto,"Calçados,Calçados Femininos,Scarpin","R$ 349,90","R$ 244,99","R$ 260,63",4x
Moleca,Off-white,Dafiti,Tênis Moleca Matelassê Off-White,"Calçados,Calçados Femininos,Tênis,Tênis Casual","R$ 119,90","R$ 89,99","R$ 95,73",1x
Beira Rio,Preto,Dafiti,Scarpin Feminino Beira Rio Bico Fino Tex...,"Calçados,Calçados Femininos,Scarpin","R$ 149,99","R$ 69,99","R$ 74,46",1x
VIA UNO,Off-white,Dafiti,Sandália VIA UNO Lisa Off-White,"Calçados,Calçados Femininos,Sandálias,Sandália Salto Fino","R$ 119,99","R$ 79,99","R$ 85,10",1x
Beira Rio,Preto,Dafiti,Sandália Beira Rio Recorte Preta,"Calçados,Calçados Femininos,Sandálias,Sandália Salto Grosso","R$ 109,90","R$ 74,99","R$ 79,78",1x
Santa Lolla,Preto,Dafiti,Sandália Feminina Santa Lolla Salto Bloc...,"Calçados,Calçados Femininos,Sandálias,Sandália Salto Grosso","R$ 329,90","R$ 209,99","R$ 223,39",3x
Modare,Bege,Dafiti,Sandália Modare Média Bege,"Calçados,Calçados Femininos,Sandálias,Sandália Salto Grosso","R$ 159,90","R$ 84,99","R$ 90,41",1x
Vizzano,Bege,Dafiti,Scarpin Vizzano Liso Bege,"Calçados,Calçados Femininos,Scarpin","R$ 129,99","R$ 99,99","R$ 106,37",1x
Modare,Preto,Dafiti,Sapatilha Modare Matelassê Preta,"Calçados,Calçados Femininos,Sapatilhas,Sapatilha Bico Redondo","R$ 109,90","R$ 69,99","R$ 74,46",1x
Melissa,Amarelo,Dafiti,Chinelo Melissa Sun Long Amarelo,"Calçados,Calçados Femininos,Chinelos","R$ 69,90","R$ 39,99","R$ 42,54",1x
Santa Lolla,Preto,Dafiti,Scarpin Feminino Santa Lolla Laço Preto,"Calçados,Calçados Femininos,Scarpin","R$ 299,90","R$ 239,99","R$ 255,31",4x
Modare,Preto,Dafiti,Scarpin Feminino Modare Salto Baixo Preto,"Calçados,Calçados Femininos,Scarpin","R$ 149,90","R$ 89,99","R$ 95,73",1x
Moleca,Preto,Dafiti,Rasteira Moleca Fivelas Preto,"Calçados,Calçados Femininos,Rasteirinhas","R$ 89,99","R$ 59,99","R$ 63,82",1x
VIA UNO,Marrom,Dafiti,Scarpin Feminino VIA UNO Salto Bloco Marrom,"Calçados,Calçados Femininos,Scarpin","R$ 119,99","R$ 74,99","R$ 79,78",1x
Santa Lolla,Preto,Dafiti,Scarpin Feminino Santa Lolla Couro Salto...,"Calçados,Calçados Femininos,Scarpin","R$ 299,90","R$ 214,99","R$ 228,71",3x
Vizzano,Marrom,Dafiti,Sandália Feminina Vizzano Baixa Salto Bl...,"Calçados,Calçados Femininos,Tamanco","R$ 159,90","R$ 104,99","R$ 111,69",1x
Moleca,Bege,Dafiti,Tênis Moleca Recorte Bege,"Calçados,Calçados Femininos,Tênis,Tênis Casual","R$ 99,99","R$ 73,99","R$ 78,71",1x
Bebecê,Marrom,Dafiti,Scarpin Feminino Bebecê Fivela Salto Bloco Marrom,"Calçados,Calçados Femininos,Scarpin","R$ 129,99","R$ 79,99","R$ 85,10",1x
Anacapri,Branco,Dafiti,Tênis Feminino Anacapri Cadarço Branco,"Calçados,Calçados Femininos,Tênis,Tênis Casual","R$ 299,90","R$ 159,99","R$ 170,20",2x
Vizzano,Caramelo,Dafiti,Sandália Vizzano Tira Cruzada Caramelo,"Calçados,Calçados Femininos,Sandálias,Sandália Salto Grosso","R$ 139,99","R$ 79,99","R$ 85,10",1x
adidas Originals,Branco,Dafiti,Tênis Unissex adidas Originals Samba OG Branco,"Calçados,Calçados Femininos,Tênis,Tênis Casual,Calçados Masculinos,Tênis,Tênis Casual","R$ 799,99","R$ 751,98","R$ 799,98",5x
adidas Originals,Off-white,Dafiti,Tênis adidas Originals Samba OG Off-White,"Calçados,Calçados Femininos,Tênis,Tênis Casual","R$ 799,99","R$ 751,98","R$ 799,98",5x
Vans,Preto,Dafiti,Tênis Feminino Vans Ua Hylane Preto,"Calçados,Calçados Femininos,Tênis,Tênis Casual","R$ 699,99","R$ 399,99","R$ 425,52",5x
Santa Lolla,Caramelo,Dafiti,Scarpin Santa Lolla Couro Salto Alto Caramelo,"Calçados,Calçados Femininos,Scarpin","R$ 269,90","R$ 169,99","R$ 180,84",3x
Santa Lolla,Grafite,Dafiti,Rasteira Feminina Santa Lolla Tiras Fina...,"Calçados,Calçados Femininos,Rasteirinhas","R$ 199,90","R$ 124,99","R$ 132,97",2x
Bebecê,Bege,Dafiti,Sandália Bebecê Animal Print Bege,"Calçados,Calçados Femininos,Sandálias,Sandália Salto Grosso","R$ 109,99","R$ 74,99","R$ 79,78",1x
Vizzano,Preto,Dafiti,Tênis Feminino Vizzano Casual Preto,"Calçados,Calçados Femininos,Tênis,Tênis Casual","R$ 209,90","R$ 129,99","R$ 138,29",2x
Santa Lolla,Marrom,Dafiti,Mocassim Feminino Santa Lolla Bico Afinado Marrom,"Calçados,Calçados Femininos,Mocassim","R$ 199,90","R$ 114,99","R$ 122,33",2x
Via Marte,Preto,Dafiti,Bota Feminina Via Marte Cano Médio Preta,"Calçados,Calçados Femininos,Botas,Bota Cano Médio","R$ 379,99","R$ 244,99","R$ 260,63",4x
Beira Rio,Preto,Dafiti,Sandália Papete Beira Rio Fivelas Preta,"Calçados,Calçados Femininos,Papete","R$ 109,99","R$ 93,99","R$ 99,99",1x
Moleca,Branco,Dafiti,Rasteirinha Papete Moleca Fivelas Branca,"Calçados,Calçados Femininos,Rasteirinhas","R$ 89,99","R$ 64,99","R$ 69,14",1x
VIA UNO,Preto,Dafiti,Bota Feminina VIA UNO Cano Alto Salto Baixo Preta,"Calçados,Calçados Femininos,Botas,Bota Montaria e Cano Longo","R$ 259,99","R$ 165,99","R$ 176,59",2x
Vizzano,Branco,Dafiti,Tênis Feminino Vizzano Cadarço Branco,"Calçados,Calçados Femininos,Tênis,Tênis Casual","R$ 189,90","R$ 129,99","R$ 138,29",2x
Anacapri,Dourado,Dafiti,Rasteirinha ANACAPRI Cruzada Dourada,"Calçados,Calçados Femininos,Rasteirinhas","R$ 109,99","R$ 103,39","R$ 109,99",1x
Puma,Marrom,Dafiti,Tênis Feminino Puma Speedcat OG Marrom,"Calçados,Calçados Femininos,Tênis,Tênis Casual","R$ 699,99","R$ 657,98","R$ 699,98",5x
Bebecê,Branco,Dafiti,Mule Feminino Bebecê Detalhe Fivela Branco,"Calçados,Calçados Femininos,Mocassim","R$ 89,99","R$ 54,99","R$ 58,50",1x
Moleca,Off-white,Dafiti,Tênis Moleca Recorte Off-White,"Calçados,Calçados Femininos,Tênis,Tênis Casual","R$ 109,90","R$ 59,99","R$ 63,82",1x
VIA UNO,Off-white,Dafiti,Tênis Feminino Via Uno Sem Cadarço Off-W...,"Calçados,Calçados Femininos,Tênis,Tênis Casual","R$ 199,99","R$ 134,99","R$ 143,61",2x
Santa Lolla,Marrom,Dafiti,Rasteiraa Feminina Santa Lolla Tiras Finas Marrom,"Calçados,Calçados Femininos,Rasteirinhas","R$ 199,90","R$ 144,99","R$ 154,24",2x
Kolosh,Bege,Dafiti,Tênis Kolosh Pesponto Bege,"Calçados,Calçados Femininos,Tênis,Tênis Casual","R$ 199,99","R$ 139,99","R$ 148,93",2x
Vizzano,Branco,Dafiti,Tênis Vizzano Recorte Branco,"Calçados,Calçados Femininos,Tênis,Tênis Casual","R$ 219,90","R$ 129,99","R$ 138,29",2x
Modare,Preto,Dafiti,Sandália Papete Modare Tira Dupla Preta,"Calçados,Calçados Femininos,Papete","R$ 179,99","R$ 109,99","R$ 117,01",1x
Santa Lolla,Preto,Dafiti,Sandália Feminina Santa Lolla Salto Médio Preta,"Calçados,Calçados Femininos,Sandálias,Sandália Salto Fino","R$ 189,90","R$ 149,99","R$ 159,56",2x
Santa Lolla,Marrom,Dafiti,Scarpin Feminino Santa Lolla Tiras Cruzadas Marrom,"Calçados,Calçados Femininos,Scarpin","R$ 199,99","R$ 139,99","R$ 148,93",2x
VIA UNO,Preto,Dafiti,Bota Feminina VIA UNO Cano Alto Salto Qu...,"Calçados,Calçados Femininos,Botas,Bota Montaria e Cano Longo","R$ 259,99","R$ 169,99","R$ 180,84",3x
adidas Originals,Preto,Dafiti,Tênis adidas Originals Samba OG Preto,"Calçados,Calçados Femininos,Tênis,Tênis Casual","R$ 799,99","R$ 599,99","R$ 638,29",5x
Vizzano,Off-white,Dafiti,Tamanco Vizzano Tiras Off-White,"Calçados,Calçados Femininos,Tamanco","R$ 109,99","R$ 83,99","R$ 89,35",1x
Moleca,Verde,Dafiti,Sandália Feminina Moleca Tiras Fivela Verde,"Calçados,Calçados Femininos,Sandálias,Sandália Plataforma","R$ 99,90","R$ 64,99","R$ 69,14",1x
Modare,Marrom,Dafiti,Mocassim Feminino Modare Fivela Decorativa Marrom,"Calçados,Calçados Femininos,Mocassim","R$ 139,90","R$ 79,99","R$ 85,10",1x
Modare,Preto,Dafiti,Sandália Feminina Modare Tiras Detalhe Preta,"Calçados,Calçados Femininos,Sandálias","R$ 109,90","R$ 59,99","R$ 63,82",1x
adidas Originals,Rosa,Dafiti,Tênis Feminino adidas Originals Tokyo Mj Rosa,"Calçados,Calçados Femininos,Tênis,Tênis Casual","R$ 599,99","R$ 563,99","R$ 599,99",5x
Jorge Bischoff,Preto,Dafiti,Rasteira Feminina Jorge Bischoff Pedrari...,"Calçados,Calçados Femininos,Rasteirinhas","R$ 499,00","R$ 199,99","R$ 212,76",3x
Bebecê,Caramelo,Dafiti,Sandália Feminina Bebecê Salto Médio Fiv...,"Calçados,Calçados Femininos,Sandálias,Sandália Salto Grosso","R$ 99,99","R$ 74,99","R$ 79,78",1x
Beira Rio,Caramelo,Dafiti,Sandália Beira Rio Salto Médio Fino Caramelo,"Calçados,Calçados Femininos,Sandálias","R$ 99,90","R$ 69,99","R$ 74,46",1x
Jorge Bischoff,Preto,Dafiti,Scarpin Feminino Jorge Bischoff Slingbac...,"Calçados,Calçados Femininos,Scarpin","R$ 499,00","R$ 279,99","R$ 297,86",4x
Santa Lolla,Nude,Dafiti,Scarpin Slingback Santa Lolla Bridão Nude,"Calçados,Calçados Femininos,Scarpin","R$ 249,90","R$ 179,99","R$ 191,48",3x
Dakota,Marrom,Dafiti,Bota Feminina Dakota Cano Médio Salto Qu...,"Calçados,Calçados Femininos,Botas,Bota Cano Curto","R$ 249,99","R$ 154,99","R$ 164,88",2x
Vizzano,Branco,Dafiti,Tênis Feminino Vizzano Cano Baixo Branco,"Calçados,Calçados Femininos,Tênis,Tênis Casual","R$ 189,90","R$ 129,99","R$ 138,29",2x
Modare,Marrom,Dafiti,Scarpin Feminino Modare Bico Fino Marrom,"Calçados,Calçados Femininos,Scarpin","R$ 139,99","R$ 89,99","R$ 95,73",1x
VIA UNO,Vinho,Dafiti,Sandália Feminina VIA UNO Textura Croco Vinho,"Calçados,Calçados Femininos,Tamanco","R$ 119,99","R$ 74,99","R$ 79,78",1x
adidas Originals,Vermelho,Dafiti,Tênis Feminino adidas Originals Sl 72 OG Vermelho,"Calçados,Calçados Femininos,Tênis,Tênis Casual","R$ 699,99","R$ 564,99","R$ 601,05",5x
Santa Lolla,Preto,Dafiti,Sandália Feminina Santa Lolla Salto Gros...,"Calçados,Calçados Femininos,Sandálias,Sandália Salto Grosso","R$ 249,90","R$ 129,99","R$ 138,29",2x
Santa Lolla,Preto,Dafiti,Rasteirinha Santa Lolla Verniz Preta,"Calçados,Calçados Femininos,Rasteirinhas","R$ 99,90",N/A,"R$ 99,90",1x
Santa Lolla,Preto,Dafiti,Rasteirinha Santa Lolla Tiras Preta,"Calçados,Calçados Femininos,Rasteirinhas","R$ 109,99","R$ 79,99","R$ 85,10",1x
Santa Lolla,Preto,Dafiti,Rasteira Santa Lolla Aplicação Preta,"Calçados,Calçados Femininos,Rasteirinhas","R$ 99,90","R$ 90,99","R$ 96,80",1x
Santa Lolla,Preto,Dafiti,Sandália Feminina Santa Lolla Salto Alto...,"Calçados,Calçados Femininos,Sandálias,Sandália Salto Fino","R$ 199,90","R$ 164,99","R$ 175,52",2x
Santa Lolla,Bege,Dafiti,Scarpin Mule Feminino Santa Lolla Trançado Bege,"Calçados,Calçados Femininos,Scarpin","R$ 299,90","R$ 199,99","R$ 212,76",3x
Bebecê,Marrom,Dafiti,Tamanco Bebecê Suede Marrom,"Calçados,Calçados Femininos,Tamanco","R$ 99,99","R$ 59,99","R$ 63,82",1x
Bebecê,Bege,Dafiti,Scarpin Feminino Bebecê Salto Bloco Bico...,"Calçados,Calçados Femininos,Scarpin","R$ 129,99","R$ 89,99","R$ 95,73",1x
Moleca,Marrom,Dafiti,Rasteira Feminina Moleca Tachas Fivela Marrom,"Calçados,Calçados Femininos,Rasteirinhas","R$ 139,90","R$ 79,99","R$ 85,10",1x
Ramarim,Bege,Dafiti,Tênis Feminino Ramarim Casual Bege,"Calçados,Calçados Femininos,Tênis,Tênis Casual","R$ 289,90","R$ 179,99","R$ 191,48",3x
Vizzano,Preto,Dafiti,Tênis Feminino Vizzano Sem Cadarço Preto,"Calçados,Calçados Femininos,Tênis,Tênis Casual","R$ 129,99","R$ 74,99","R$ 79,78",1x
Santa Lolla,Bege,Dafiti,Scarpin Santa Lolla Slingback Bege,"Calçados,Calçados Femininos,Scarpin","R$ 244,99","R$ 169,99","R$ 180,84",3x
Jorge Bischoff,Preto,Dafiti,Sapatilha Jorge Bischoff Laço Preta,"Calçados,Calçados Femininos,Sapatilhas,Sapatilha Bico Redondo","R$ 449,00","R$ 179,99","R$ 191,48",3x
Beira Rio,Preto,Dafiti,Sandália Feminina Beira Rio Salto Bloco ...,"Calçados,Calçados Femininos,Sandálias,Sandália Salto Grosso","R$ 129,90","R$ 109,99","R$ 117,01",1x
Jorge Bischoff,Marrom,Dafiti,Sandália Feminina Jorge Bischoff Couro S...,"Calçados,Calçados Femininos,Tamanco","R$ 489,00","R$ 279,99","R$ 297,86",4x
Jorge Bischoff,Preto,Dafiti,Scarpin Jorge Bischoff Verniz Preto,"Calçados,Calçados Femininos,Scarpin","R$ 589,00","R$ 279,99","R$ 297,86",4x
Santa Lolla,Preto,Dafiti,Mocassim Feminino Santa Lolla Couro Preto,"Calçados,Calçados Femininos,Mocassim","R$ 229,90","R$ 149,99","R$ 159,56",2x
Santa Lolla,Preto,Dafiti,Scarpin Feminino Santa Lolla Salto Médio Preto,"Calçados,Calçados Femininos,Scarpin","R$ 249,90","R$ 149,99","R$ 159,56",2x
Beira Rio,Marrom,Dafiti,Sandália Feminina Beira Rio Couro Fivela Marrom,"Calçados,Calçados Femininos,Sandálias,Sandália Salto Grosso","R$ 129,90","R$ 79,99","R$ 85,10",1x
Bebecê,Dourado,Dafiti,Scarpin Bebecê Salto Quadrado Dourado,"Calçados,Calçados Femininos,Scarpin","R$ 129,99","R$ 84,99","R$ 90,41",1x
Santa Lolla,Preto,Dafiti,Scarpin Feminino Santa Lolla Bico Fino Preto,"Calçados,Calçados Femininos,Scarpin","R$ 199,99","R$ 124,99","R$ 132,97",2x
Moleca,Nude,Dafiti,Tênis Moleca Liso Nude,"Calçados,Calçados Femininos,Tênis,Tênis Casual","R$ 69,99","R$ 47,99","R$ 51,05",1x
Bebecê,Preto,Dafiti,Sandália Feminina Bebecê Salto Bloco Tir...,"Calçados,Calçados Femininos,Sandálias,Sandália Salto Grosso","R$ 99,99","R$ 74,99","R$ 79,78",1x
Dakota,Off-white,Dafiti,Tênis Feminino Dakota Cano Baixo Off-White,"Calçados,Calçados Femininos,Tênis,Tênis Casual","R$ 249,99","R$ 179,99","R$ 191,48",3x
Usaflex,Bege,Dafiti,Tênis Feminino Usaflex Knit Cadarço Bege,"Calçados,Calçados Femininos,Tênis,Tênis Casual","R$ 179,99","R$ 109,99","R$ 117,01",1x
Vans,Vermelho,Dafiti,Tênis Vans Ua Authentic Vermelho,"Calçados,Calçados Femininos,Tênis,Tênis Casual,Calçados Masculinos,Tênis,Tênis Casual","R$ 299,99","R$ 194,99","R$ 207,44",3x
Bebecê,Preto,Dafiti,Scarpin Slingback Bebecê Nobuck Preto,"Calçados,Calçados Femininos,Scarpin","R$ 129,99","R$ 89,99","R$ 95,73",1x
Santa Lolla,Preto,Dafiti,Sapatilha Feminina Santa Lolla Bico Fino...,"Calçados,Calçados Femininos,Sapatilhas,Sapatilha Bico Fino","R$ 219,99","R$ 144,99","R$ 154,24",2x
Bebecê,Preto,Dafiti,Sandália Anabela Bebecê Lisa Preta,"Calçados,Calçados Femininos,Sandálias,Sandália Anabela","R$ 149,99",N/A,"R$ 149,99",2x
Jorge Bischoff,Dourado,Dafiti,Sandália Feminina Jorge Bischoff Couro S...,"Calçados,Calçados Femininos,Sandálias,Sandália Salto Fino","R$ 599,00","R$ 319,99","R$ 340,41",5x
Via Marte,Preto,Dafiti,Tênis Feminino Via Marte Slip On Texturi...,"Calçados,Calçados Femininos,Tênis,Tênis Casual","R$ 189,99","R$ 154,99","R$ 164,88",2x
Beira Rio,Marrom,Dafiti,Rasteira Feminina Beira Rio Tiras Pedrarias Marrom,"Calçados,Calçados Femininos,Rasteirinhas","R$ 99,90","R$ 69,99","R$ 74,46",1x
VIA UNO,Preto,Dafiti,Scarpin Feminino VIA UNO Salto Médio Preto,"Calçados,Calçados Femininos,Scarpin","R$ 119,99","R$ 69,99","R$ 74,46",1x
Beira Rio,Bege,Dafiti,Mocassim Feminino Beira Rio Design Clássico Bege,"Calçados,Calçados Femininos,Mocassim","R$ 129,90","R$ 69,99","R$ 74,46",1x
Vizzano,Marrom,Dafiti,Scarpin Feminino Vizzano Slingback Bico ...,"Calçados,Calçados Femininos,Scarpin","R$ 129,90","R$ 83,99","R$ 89,35",1x
Dakota,Cinza,Dafiti,Tênis Dakota Nobuck Cinza,"Calçados,Calçados Femininos,Tênis,Tênis Casual","R$ 269,99","R$ 184,99","R$ 196,80",3x
Vizzano,Off-white,Dafiti,Sandália Vizzano Tachas Off-White,"Calçados,Calçados Femininos,Sandálias,Sandália Salto Grosso","R$ 149,99","R$ 79,99","R$ 85,10",1x
Santa Lolla,Preto,Dafiti,Sandália Feminina Santa Lolla Salto Bloc...,"Calçados,Calçados Femininos,Sandálias,Sandália Salto Grosso","R$ 229,90","R$ 154,99","R$ 164,88",2x
Vizzano,Off-white,Dafiti,Scarpin Feminino Vizzano Anabela Off-White,"Calçados,Calçados Femininos,Scarpin","R$ 189,90","R$ 129,99","R$ 138,29",2x
Bebecê,Dourado,Dafiti,Sandália Feminina Bebecê Salto Bloco Dourada,"Calçados,Calçados Femininos,Sandálias,Sandália Salto Grosso","R$ 99,99","R$ 69,99","R$ 74,46",1x
Jorge Bischoff,Bege,Dafiti,Scarpin Jorge Bischoff Recortes Bege,"Calçados,Calçados Femininos,Scarpin","R$ 499,00","R$ 269,99","R$ 287,22",4x
Modare,Marrom,Dafiti,Scarpin Feminino Modare Salto Médio Marrom,"Calçados,Calçados Femininos,Scarpin","R$ 149,90","R$ 89,99","R$ 95,73",1x
Ramarim,Branco,Dafiti,Tênis Ramarim Recorte Branco,"Calçados,Calçados Femininos,Tênis,Tênis Casual","R$ 289,99","R$ 109,99","R$ 117,01",1x
Capodarte,Off-white,Dafiti,Sapatilha Feminina Capodarte Monograma Off-White,"Calçados,Calçados Femininos,Sapatilhas,Sapatilha Bico Redondo","R$ 309,99","R$ 204,99","R$ 218,07",3x
Bebecê,Marrom,Dafiti,Scarpin Feminino Bebecê Bico Fino Corrente Marrom,"Calçados,Calçados Femininos,Scarpin","R$ 209,99","R$ 157,99","R$ 168,07",2x
Moleca,Marrom,Dafiti,Babuche Feminina Moleca Detalhes Divertidos Marrom,"Calçados,Calçados Femininos,Chinelos","R$ 129,90","R$ 78,99","R$ 84,03",1x
Santa Lolla,Marrom,Dafiti,Sandália Feminina Santa Lolla Salto Baix...,"Calçados,Calçados Femininos,Sandálias,Sandália Salto Fino","R$ 199,90","R$ 139,99","R$ 148,93",2x
Jorge Bischoff,Caramelo,Dafiti,Sapatilha Jorge Bischoff de Couro Snake Caramelo,"Calçados,Calçados Femininos,Sapatilhas,Sapatilha Bico Fino","R$ 469,00","R$ 199,99","R$ 212,76",3x
Moleca,Preto,Dafiti,Tênis Moleca Recorte Preto,"Calçados,Calçados Femininos,Tênis,Tênis Casual","R$ 169,90","R$ 99,99","R$ 106,37",1x
Usaflex,Preto,Dafiti,Tênis Feminino Usaflex Slip On Preto,"Calçados,Calçados Femininos,Tênis,Tênis Casual","R$ 249,99","R$ 159,99","R$ 170,20",2x
Vans,Verde,Dafiti,Tênis Feminino Vans Ua Ultrarange 2.0 RW  Verde,"Calçados,Calçados Femininos,Tênis,Tênis Casual","R$ 699,99","R$ 449,99","R$ 478,71",5x
Vizzano,Bege,Dafiti,Tênis Feminino Vizzano Slip On Off White,"Calçados,Calçados Femininos,Tênis,Tênis Casual","R$ 129,99","R$ 74,99","R$ 79,78",1x
Beira Rio,Bege,Dafiti,Sandália Feminina Beira Rio Salto Bloco ...,"Calçados,Calçados Femininos,Sandálias,Sandália Salto Grosso","R$ 149,90","R$ 89,99","R$ 95,73",1x
Vizzano,Off-white,Dafiti,Tênis Feminino Vizzano Casual Off-White,"Calçados,Calçados Femininos,Tênis,Tênis Casual","R$ 229,90","R$ 164,99","R$ 175,52",2x
Vizzano,Cinza,Dafiti,Scarpin Feminino Vizzano Salto Fino Médio Cinza,"Calçados,Calçados Femininos,Scarpin","R$ 129,90","R$ 89,99","R$ 95,73",1x
Santa Lolla,Branco,Dafiti,Rasteira Feminina Santa Lolla Detalhe Me...,"Calçados,Calçados Femininos,Rasteirinhas","R$ 129,90","R$ 99,99","R$ 106,37",1x
VIA UNO,Preto,Dafiti,Tênis Feminino VIA UNO Cano Baixo Preto,"Calçados,Calçados Femininos,Tênis,Tênis Casual","R$ 139,99","R$ 99,99","R$ 106,37",1x
Moleca,Dourado,Dafiti,Rasteira Feminina Moleca Cabedal Cruzado Dourada,"Calçados,Calçados Femininos,Rasteirinhas","R$ 99,90","R$ 63,89","R$ 67,97",1x
Dakota,Marrom,Dafiti,Sandália Dakota Pedraria Marrom,"Calçados,Calçados Femininos,Sandálias,Sandália Salto Grosso","R$ 200,00","R$ 129,99","R$ 138,29",2x
Bebecê,Vermelho,Dafiti,Sandália Feminina Bebecê Salto Bloco Vermelha,"Calçados,Calçados Femininos,Sandálias,Sandália Salto Grosso","R$ 99,99","R$ 74,99","R$ 79,78",1x
Santa Lolla,Preto,Dafiti,Sandália Feminina Santa Lolla Tiras Finas Preta,"Calçados,Calçados Femininos,Sandálias,Sandália Salto Grosso","R$ 199,90","R$ 179,99","R$ 191,48",3x
Anacapri,Off-white,Dafiti,Sandália Feminina ANACAPRI Tiras Finas Off-White,"Calçados,Calçados Femininos,Rasteirinhas","R$ 109,90","R$ 94,99","R$ 101,05",1x
Bebecê,Preto,Dafiti,Scarpin Feminino Bebecê Salto Médio Preto,"Calçados,Calçados Femininos,Scarpin","R$ 129,99","R$ 94,99","R$ 101,05",1x
Jorge Bischoff,Azul Marinho,Dafiti,Sapatilha Jorge Bischoff Laço Azul-Marinho,"Calçados,Calçados Femininos,Sapatilhas,Sapatilha Bico Redondo","R$ 449,00","R$ 209,99","R$ 223,39",3x
Puma,Marrom,Dafiti,Tênis Feminino Puma Palermo Cow Print Marrom,"Calçados,Calçados Femininos,Tênis,Tênis Casual","R$ 649,99","R$ 610,98","R$ 649,98",5x
VIA UNO,Preto,Dafiti,Bota Feminina VIA UNO Cano Baixo Fivelas Preta,"Calçados,Calçados Femininos,Botas,Bota Cano Curto","R$ 179,99","R$ 94,99","R$ 101,05",1x
Kolosh,Preto,Dafiti,Tênis Kolosh Recorte Preto,"Calçados,Calçados Femininos,Tênis,Tênis Casual","R$ 189,99","R$ 174,99","R$ 186,16",3x
Vizzano,Preto,Dafiti,Scarpin Feminino Vizzano Salto Alto Slin...,"Calçados,Calçados Femininos,Scarpin","R$ 159,90","R$ 95,69","R$ 101,80",1x
Moleca,Dourado,Dafiti,Sapatilha Moleca Detalhe Metal Dourada,"Calçados,Calçados Femininos,Sapatilhas,Sapatilha Bico Fino","R$ 69,90","R$ 42,99","R$ 45,73",1x
Beira Rio,Bege,Dafiti,Rasteira Feminina Beira Rio Faixa Larga Bege,"Calçados,Calçados Femininos,Rasteirinhas","R$ 99,90","R$ 69,99","R$ 74,46",1x
Modare,Marrom,Dafiti,Scarpin Modare Salto Quadrado Marrom,"Calçados,Calçados Femininos,Scarpin","R$ 139,99","R$ 89,99","R$ 95,73",1x
Colcci,Prata,Dafiti,Tênis Feminino Colcci Cadarço Metalizado Prata,"Calçados,Calçados Femininos,Tênis,Tênis Casual","R$ 549,90","R$ 174,99","R$ 186,16",3x
Modare,Caramelo,Dafiti,Sandália Feminina Modare Salto Bloco Tex...,"Calçados,Calçados Femininos,Sandálias,Sandália Salto Grosso","R$ 159,90","R$ 124,99","R$ 132,97",2x
Modare,Branco,Dafiti,Tênis Feminino Modare Slip On Detalhe Ma...,"Calçados,Calçados Femininos,Tênis,Tênis Casual","R$ 149,90","R$ 92,99","R$ 98,93",1x
Beira Rio,Caramelo,Dafiti,Rasteira Feminina Beira Rio Tiras Finas Caramelo,"Calçados,Calçados Femininos,Rasteirinhas","R$ 99,90","R$ 64,99","R$ 69,14",1x
adidas Originals,Cinza,Dafiti,Tênis Feminino adidas Originals Handball...,"Calçados,Calçados Femininos,Tênis,Tênis Casual","R$ 799,99","R$ 569,99","R$ 606,37",5x
Bebecê,Preto,Dafiti,Bota Over The Knee Bebecê Cano Alto Camu...,"Calçados,Calçados Femininos,Botas,Bota Montaria e Cano Longo","R$ 329,90","R$ 189,99","R$ 202,12",3x
Jorge Bischoff,Preto,Dafiti,Bota Feminina Jorge Bischoff Cano Baixo Preta,"Calçados,Calçados Femininos,Botas,Bota Cano Curto","R$ 1.199,00","R$ 369,99","R$ 393,61",5x
Modare,Marrom,Dafiti,Mocassim Feminino Modare Tramado Marrom,"Calçados,Calçados Femininos,Mocassim","R$ 149,90","R$ 74,99","R$ 79,78",1x
Beira Rio,Marrom,Dafiti,Sandália Feminina Beira Rio Salto Bloco Marrom,"Calçados,Calçados Femininos,Sandálias,Sandália Salto Grosso","R$ 129,90","R$ 95,99","R$ 102,12",1x
Vizzano,Marrom,Dafiti,Scarpin Vizzano Texturizado Croco Marrom,"Calçados,Calçados Femininos,Scarpin","R$ 169,99","R$ 109,99","R$ 117,01",1x
Jorge Bischoff,Bege,Dafiti,Tênis Feminino Jorge Bischoff Couro Bege,"Calçados,Calçados Femininos,Tênis,Tênis Casual","R$ 669,00","R$ 359,99","R$ 382,97",5x
VIA UNO,Preto,Dafiti,Mocassim Feminino VIA UNO Croco Preto,"Calçados,Calçados Femininos,Mocassim","R$ 109,99","R$ 69,99","R$ 74,46",1x
VIA UNO,Preto,Dafiti,Bota Feminina VIA UNO Cano Baixo Preta,"Calçados,Calçados Femininos,Botas,Bota Cano Curto","R$ 159,99","R$ 84,99","R$ 90,41",1x
Modare,Preto,Dafiti,Tênis Feminino Modare Casual Detalhe Cos...,"Calçados,Calçados Femininos,Tênis,Tênis Casual","R$ 149,90","R$ 88,99","R$ 94,67",1x
Arezzo,Nude,Dafiti,Sapatilha Feminina Arezzo Couro Bicolor Nude,"Calçados,Calçados Femininos,Sapatilhas,Sapatilha Bico Redondo","R$ 359,90","R$ 338,30","R$ 359,89",5x
Jorge Bischoff,Prata,Dafiti,Mocassim Feminino Jorge Bischoff Cobra Couro Prata,"Calçados,Calçados Femininos,Mocassim","R$ 499,00","R$ 214,99","R$ 228,71",3x
Santa Lolla,Bege,Dafiti,Rasteira Feminina Santa Lolla Tiras Fina...,"Calçados,Calçados Femininos,Rasteirinhas","R$ 199,90","R$ 154,99","R$ 164,88",2x
Modare,Nude,Dafiti,Tênis Feminino Modare Detalhe Matelassê Nude,"Calçados,Calçados Femininos,Tênis,Tênis Casual","R$ 149,90","R$ 89,99","R$ 95,73",1x
VIA UNO,Caramelo,Dafiti,Sapatilha Via Uno Aplicação Caramelo,"Calçados,Calçados Femininos,Sapatilhas,Sapatilha Bico Fino","R$ 89,99","R$ 54,99","R$ 58,50",1x
Bebecê,Marrom,Dafiti,Sapatilha Feminina Bebecê Bico Fino Caramelo,"Calçados,Calçados Femininos,Sapatilhas,Sapatilha Bico Fino","R$ 89,99","R$ 59,99","R$ 63,82",1x
Melissa,Bege,Dafiti,Sandália Melissa Cozy M-Lover Platform Bege,"Calçados,Calçados Femininos,Sandálias,Sandália Plataforma","R$ 279,90","R$ 263,10","R$ 279,89",4x
Jorge Bischoff,Preto,Dafiti,Sapatilha Jorge Bischoff de Couro Laço Preta,"Calçados,Calçados Femininos,Sapatilhas,Sapatilha Bico Fino","R$ 289,99","R$ 209,99","R$ 223,39",3x
New Balance,Cinza,Dafiti,Tênis Feminino New Balance 740 Cinza,"Calçados,Calçados Femininos,Tênis,Tênis Casual","R$ 749,99","R$ 704,98","R$ 749,98",5x
Jorge Bischoff,Preto,Dafiti,Sandália Feminina Jorge Bischoff Couro Preta,"Calçados,Calçados Femininos,Sandálias,Sandália Salto Grosso","R$ 599,00","R$ 314,99","R$ 335,10",5x
Bottero,Preto,Dafiti,Sandália Feminina Bottero Salto Bloco Couro Preto,"Calçados,Calçados Femininos,Sandálias,Sandália Salto Grosso","R$ 289,99","R$ 189,99","R$ 202,12",3x
VIA UNO,Preto,Dafiti,Scarpin VIA UNO Salto Baixo Brilhante Preto,"Calçados,Calçados Femininos,Scarpin","R$ 119,99","R$ 69,99","R$ 74,46",1x
Bebecê,Vinho,Dafiti,Scarpin Feminino Bebecê Bico Fino Salto ...,"Calçados,Calçados Femininos,Scarpin","R$ 129,99","R$ 89,99","R$ 95,73",1x
Anacapri,Branco,Dafiti,Tênis ANACAPRI Recorte Branco,"Calçados,Calçados Femininos,Tênis,Tênis Casual","R$ 229,90","R$ 184,99","R$ 196,80",3x
Moleca,Preto,Dafiti,Rasteira Feminina Moleca Slide Fivelas Preta,"Calçados,Calçados Femininos,Rasteirinhas","R$ 89,90","R$ 64,99","R$ 69,14",1x
Santa Lolla,Bege,Dafiti,Sandália Santa Lolla Lisa Bege,"Calçados,Calçados Femininos,Sandálias,Sandália Salto Grosso","R$ 199,90","R$ 164,99","R$ 175,52",2x
Dakota,Preto,Dafiti,Bota Feminina Dakota Cano Baixo Preto,"Calçados,Calçados Femininos,Botas,Bota Cano Curto","R$ 299,99","R$ 194,99","R$ 207,44",3x
Beira Rio,Verde,Dafiti,Rasteira Feminina Beira Rio Tiras Finas ...,"Calçados,Calçados Femininos,Rasteirinhas","R$ 89,90","R$ 54,99","R$ 58,50",1x
Santa Lolla,Bege,Dafiti,Sandália Feminina Santa Lolla Salto Bloco Bege,"Calçados,Calçados Femininos,Sandálias,Sandália Salto Grosso","R$ 179,90","R$ 139,99","R$ 148,93",2x
Modare,Branco,Dafiti,Scarpin Feminino Modare Bico Fino Salto ...,"Calçados,Calçados Femininos,Scarpin","R$ 139,99","R$ 89,99","R$ 95,73",1x
Jorge Bischoff,Off-white,Dafiti,Tênis Feminino Jorge Bischoff Couro Off-White,"Calçados,Calçados Femininos,Tênis,Tênis Casual","R$ 599,00","R$ 409,99","R$ 436,16",5x
Vizzano,Marrom,Dafiti,Mocassim Feminino Vizzano Tratorado Marrom,"Calçados,Calçados Femininos,Mocassim","R$ 169,99","R$ 124,99","R$ 132,97",2x
VIA UNO,Preto,Dafiti,Bota Feminina VIA UNO Over The Knee Suede Preta,"Calçados,Calçados Femininos,Botas,Bota Over Knee","R$ 239,99","R$ 169,99","R$ 180,84",3x
Anacapri,Prata,Dafiti,Rasteira ANACAPRI Apliques Prata,"Calçados,Calçados Femininos,Rasteirinhas","R$ 119,90","R$ 111,89","R$ 119,03",1x
Bebecê,Vinho,Dafiti,Sapatilha Feminina Bebecê Bico Fino Vinho,"Calçados,Calçados Femininos,Sapatilhas,Sapatilha Bico Fino","R$ 99,99","R$ 64,99","R$ 69,14",1x
Vizzano,Marrom,Dafiti,Mocassim Feminino Vizzano Detalhe Tira Marrom,"Calçados,Calçados Femininos,Mocassim","R$ 159,99","R$ 104,99","R$ 111,69",1x
Anacapri,Preto,Dafiti,Tênis Slip On Anacapri Textil Preto,"Calçados,Calçados Femininos,Tênis,Tênis Casual","R$ 199,90","R$ 169,99","R$ 180,84",3x
Anacapri,Marrom,Dafiti,Sapatilha Feminina Anacapri Bico Fino Marrom,"Calçados,Calçados Femininos,Sapatilhas,Sapatilha Bico Fino","R$ 179,90","R$ 169,11","R$ 169,11",2x
Bebecê,Bege,Dafiti,Mocassim Feminino Bebecê Detalhe Croco Nude,"Calçados,Calçados Femininos,Mocassim","R$ 89,99","R$ 59,99","R$ 63,82",1x
Bebecê,Marrom,Dafiti,Sandália Feminina Bebecê Salto Bloco Marrom,"Calçados,Calçados Femininos,Sandálias,Sandália Salto Grosso","R$ 169,99","R$ 134,99","R$ 143,61",2x
Jorge Bischoff,Preto,Dafiti,Sandália Feminina Jorge Bischoff Couro S...,"Calçados,Calçados Femininos,Sandálias,Sandália Salto Grosso","R$ 499,00","R$ 319,99","R$ 340,41",5x
Vizzano,Preto,Dafiti,Sandália Feminina Vizzano Salto Médio Preta,"Calçados,Calçados Femininos,Tamanco","R$ 139,90","R$ 99,99","R$ 106,37",1x
Jorge Bischoff,Preto,Dafiti,Sandália Jorge Bischoff Salto Geométrico Preta,"Calçados,Calçados Femininos,Sandálias,Sandália Salto Grosso","R$ 599,00","R$ 309,99","R$ 329,78",5x
New Balance,Cinza,Dafiti,Tênis Feminino New Balance Fresh Foam Ar...,"Calçados,Calçados Femininos,Tênis,Tênis Casual","R$ 549,99","R$ 385,99","R$ 410,63",5x
Beira Rio,Nude,Dafiti,Mocassim Feminino Beira Rio Detalhe Metálico Nude,"Calçados,Calçados Femininos,Mocassim","R$ 129,90","R$ 78,99","R$ 84,03",1x
Moleca,Off-white,Dafiti,Sandália Feminina Moleca Detalhe Corda Off-White,"Calçados,Calçados Femininos,Sandálias,Sandália Plataforma","R$ 129,90","R$ 89,99","R$ 95,73",1x
VIA UNO,Marrom,Dafiti,Bota Feminina VIA UNO Cano Curto Marrom,"Calçados,Calçados Femininos,Botas,Bota Cano Curto","R$ 139,99","R$ 89,99","R$ 95,73",1x
Vizzano,Branco,Dafiti,Tênis Feminino Vizzano Cano Baixo Com Ca...,"Calçados,Calçados Femininos,Tênis,Tênis Casual","R$ 219,90","R$ 129,99","R$ 138,29",2x
Bottero,Marrom,Dafiti,Sandália Feminina Bottero Salto Bloco Marrom,"Calçados,Calçados Femininos,Sandálias,Sandália Salto Grosso","R$ 299,99","R$ 174,99","R$ 186,16",3x
Vizzano,Off-white,Dafiti,Tênis Vizzano Com Cadarço Off-White,"Calçados,Calçados Femininos,Tênis,Tênis Casual","R$ 139,99","R$ 119,99","R$ 127,65",2x
Via Marte,Nude,Dafiti,Tênis Feminino Via Marte Slip On Texturizado Nude,"Calçados,Calçados Femininos,Tênis,Tênis Casual","R$ 189,99","R$ 129,99","R$ 138,29",2x
VIA UNO,Preto,Dafiti,Bota Feminina VIA UNO Cano Alto Preta,"Calçados,Calçados Femininos,Botas,Bota Montaria e Cano Longo","R$ 259,99","R$ 194,99","R$ 207,44",3x
Bebecê,Preto,Dafiti,Bota Feminina Bebecê Cano Baixo Salto Bloco Preta,"Calçados,Calçados Femininos,Botas,Bota Cano Curto","R$ 299,90","R$ 159,99","R$ 170,20",2x
Vizzano,Vermelho,Dafiti,Scarpin Feminino Vizzano Salto Alto Marsala,"Calçados,Calçados Femininos,Scarpin","R$ 139,90","R$ 89,99","R$ 95,73",1x
Kolosh,Preto,Dafiti,Tênis Kolosh Esportivo Preto,"Calçados,Calçados Femininos,Tênis,Tênis Casual","R$ 159,99","R$ 129,99","R$ 138,29",2x
Santa Lolla,Marrom,Dafiti,Sapatilha Feminina Santa Lolla Slingback...,"Calçados,Calçados Femininos,Sapatilhas,Sapatilha Bico Redondo","R$ 199,90","R$ 144,99","R$ 154,24",2x
Jorge Bischoff,Dourado,Dafiti,Sapatilha Feminina Jorge Bischoff Pedrar...,"Calçados,Calçados Femininos,Sapatilhas,Sapatilha Bico Fino","R$ 499,00","R$ 239,99","R$ 255,31",4x
Bebecê,Nude,Dafiti,Sandália Feminina Bebecê Salto Alto Tira...,"Calçados,Calçados Femininos,Sandálias","R$ 99,99","R$ 84,99","R$ 90,41",1x
Moleca,Preto,Dafiti,Sapatilha Moleca Bico Fino Preta,"Calçados,Calçados Femininos,Sapatilhas,Sapatilha Bico Fino","R$ 89,90","R$ 56,99","R$ 60,63",1x
Modare,Bege,Dafiti,Sandália Feminina Modare Salto Bloco Det...,"Calçados,Calçados Femininos,Tamanco","R$ 149,90","R$ 84,99","R$ 90,41",1x
Modare,Preto,Dafiti,Mocassim Feminino Modare Detalhe Metal Preto,"Calçados,Calçados Femininos,Mocassim","R$ 149,90","R$ 89,99","R$ 95,73",1x
Moleca,Branco,Dafiti,Tamanco Feminino Moleca Plataforma Branco,"Calçados,Calçados Femininos,Tamanco","R$ 129,90","R$ 85,99","R$ 91,48",1x
Jorge Bischoff,Laranja,Dafiti,Sandália Feminina Jorge Bischoff Lezard ...,"Calçados,Calçados Femininos,Sandálias,Sandália Salto Grosso","R$ 649,00","R$ 299,99","R$ 319,14",5x
Kolosh,Preto,Dafiti,Tênis Feminino Kolosh Cadarço Preto,"Calçados,Calçados Femininos,Tênis,Tênis Casual","R$ 189,99","R$ 174,99","R$ 186,16",3x
Kolosh,Cinza,Dafiti,Tênis Slip On Kolosh Knit Cinza,"Calçados,Calçados Femininos,Tênis,Tênis Casual","R$ 179,99","R$ 129,99","R$ 138,29",2x
Usaflex,Preto,Dafiti,Tênis Feminino Usaflex Slip On Preto,"Calçados,Calçados Femininos,Tênis,Tênis Casual","R$ 179,99","R$ 114,99","R$ 122,33",2x
Bebecê,Nude,Dafiti,Sandália Bebecê Tiras Color Block Nude,"Calçados,Calçados Femininos,Sandálias,Sandália Salto Grosso","R$ 109,99","R$ 74,99","R$ 79,78",1x
Modare,Vermelho,Dafiti,Sandália Feminina Modare Salto Baixo Vermelha,"Calçados,Calçados Femininos,Sandálias,Sandália Salto Grosso","R$ 159,90","R$ 119,99","R$ 127,65",2x
adidas Performance,Branco,Dafiti,Tênis Feminino adidas Performance Adizer...,"Calçados,Calçados Femininos,Tênis,Tênis Casual","R$ 1.099,99","R$ 1.033,98","R$ 1.099,98",5x
Vizzano,Marrom,Dafiti,Scarpin Slingback Vizzano Liso Marrom,"Calçados,Calçados Femininos,Scarpin","R$ 149,90","R$ 104,99","R$ 111,69",1x
Anacapri,Dourado,Dafiti,Sapatilha Feminina ANACAPRI Matelassê La...,"Calçados,Calçados Femininos,Sapatilhas,Sapatilha Bico Fino","R$ 159,90","R$ 150,31","R$ 150,31",2x
Bottero,Caramelo,Dafiti,Bota Feminina Bottero Cano Curto Couro Caramelo,"Calçados,Calçados Femininos,Botas,Bota Cano Curto","R$ 419,99","R$ 254,99","R$ 271,27",4x
Arezzo,Preto,Dafiti,Bota Feminina Arezzo Cano Baixo Preta,"Calçados,Calçados Femininos,Botas,Bota Cano Curto","R$ 399,90","R$ 327,99","R$ 348,93",5x
Moleca,Off-white,Dafiti,Sapatilha Feminina Moleca Laço Off White,"Calçados,Calçados Femininos,Sapatilhas,Sapatilha Bico Redondo","R$ 59,90","R$ 34,99","R$ 37,22",1x
Santa Lolla,Branco,Dafiti,Tênis Santa Lolla Plataforma Branco,"Calçados,Calçados Femininos,Tênis,Tênis Casual","R$ 169,90","R$ 114,99","R$ 122,33",2x
Ramarim,Bege,Dafiti,Tênis Feminino Ramarim Cano Baixo Bege,"Calçados,Calçados Femininos,Tênis,Tênis Casual","R$ 199,90","R$ 145,99","R$ 155,31",2x
adidas Originals,Verde,Dafiti,Tênis Unissex adidas Originals Samba Og Verde,"Calçados,Calçados Femininos,Tênis,Tênis Casual,Calçados Masculinos,Tênis,Tênis Casual","R$ 899,99","R$ 599,99","R$ 638,29",5x
Moleca,Bege,Dafiti,Tênis Feminino Moleca Casual Cadarço Bege,"Calçados,Calçados Femininos,Tênis,Tênis Casual","R$ 119,90","R$ 79,99","R$ 85,10",1x
Modare,Caramelo,Dafiti,Scarpin Anabela Modare Recorte Matelassê Caramelo,"Calçados,Calçados Femininos,Scarpin","R$ 119,90","R$ 64,99","R$ 69,14",1x
Santa Lolla,Marrom,Dafiti,Sandália Feminina Santa Lolla Salto Alto...,"Calçados,Calçados Femininos,Sapatilhas,Sapatilha Bico Fino","R$ 199,90","R$ 164,99","R$ 175,52",2x
Anacapri,Bege,Dafiti,Tênis Feminino ANACAPRI Casual Recortes Bege,"Calçados,Calçados Femininos,Tênis,Tênis Casual","R$ 339,90","R$ 169,90","R$ 180,74",3x
Jorge Bischoff,Verde,Dafiti,Sandália Feminina Jorge Bischoff Couro Verde,"Calçados,Calçados Femininos,Sandálias,Sandália Salto Grosso","R$ 549,00","R$ 269,99","R$ 287,22",4x
Bebecê,Marrom,Dafiti,Scarpin Feminino Bebecê Tiras Bico Fino Marrom,"Calçados,Calçados Femininos,Scarpin","R$ 129,99","R$ 79,99","R$ 85,10",1x
Kolosh,Bege,Dafiti,Tênis Feminino Kolosh Detalhe Metalizado Bege,"Calçados,Calçados Femininos,Tênis,Tênis Casual","R$ 199,99","R$ 134,99","R$ 143,61",2x
Bebecê,Preto,Dafiti,Sapatilha Bebecê Recorte Verniz Preta,"Calçados,Calçados Femininos,Sapatilhas,Sapatilha Bico Fino","R$ 89,99","R$ 74,99","R$ 79,78",1x
Anacapri,Branco,Dafiti,Tênis Feminino ANACAPRI Cadarço Branco,"Calçados,Calçados Femininos,Tênis,Tênis Casual","R$ 269,90","R$ 209,99","R$ 223,39",3x
Dakota,Preto,Dafiti,Sandália Feminina Dakota Salto Bloco Couro Preta,"Calçados,Calçados Femininos,Sandálias,Sandália Salto Grosso","R$ 199,99","R$ 129,99","R$ 138,29",2x
Arezzo,Marrom,Dafiti,Sandália Feminina Arezzo Salto Fino Couro Marrom,"Calçados,Calçados Femininos,Tamanco","R$ 439,90","R$ 219,99","R$ 234,03",3x
Melissa,Preto,Dafiti,Bota Feminina Melissa Cano Médio Salto B...,"Calçados,Calçados Femininos,Botas,Bota Cano Curto","R$ 419,90","R$ 229,99","R$ 244,67",4x
Jorge Bischoff,Off-white,Dafiti,Sandália Feminina Jorge Bischoff Couro S...,"Calçados,Calçados Femininos,Sandálias,Sandália Salto Grosso","R$ 549,00","R$ 299,99","R$ 319,14",5x
Santa Lolla,Marrom,Dafiti,Sandália Feminina Santa Lolla Salto Alto Marrom,"Calçados,Calçados Femininos,Sandálias,Sandália Salto Fino","R$ 189,90","R$ 154,99","R$ 164,88",2x
Santa Lolla,Bege,Dafiti,Scarpin Feminino Santa Lolla Salto Baixo...,"Calçados,Calçados Femininos,Scarpin","R$ 209,99","R$ 149,99","R$ 159,56",2x
Jorge Bischoff,Off-white,Dafiti,Scarpin Jorge Bischoff Recortes Off-White,"Calçados,Calçados Femininos,Scarpin","R$ 499,00","R$ 294,99","R$ 313,82",5x
Bebecê,Preto,Dafiti,Bota Feminina Bebecê Cano Baixo Salto Bloco Preta,"Calçados,Calçados Femininos,Botas,Bota Cano Curto","R$ 329,99","R$ 174,99","R$ 186,16",3x
Vizzano,Branco,Dafiti,Tênis Feminino Vizzano Sem Cadarço Branco,"Calçados,Calçados Femininos,Tênis,Tênis Casual","R$ 199,90","R$ 134,99","R$ 143,61",2x
Jorge Bischoff,Vinho,Dafiti,Sapatilha Feminina Jorge Bischoff Bico Fino Vinho,"Calçados,Calçados Femininos,Sapatilhas,Sapatilha Bico Fino","R$ 369,00","R$ 179,99","R$ 191,48",3x
Santa Lolla,Bege,Dafiti,Sandália Feminina Santa Lolla Couro Salt...,"Calçados,Calçados Femininos,Sandálias,Sandália Salto Grosso","R$ 449,90","R$ 339,99","R$ 361,69",5x
Modare,Bege,Dafiti,Tênis Feminino Modare Plataforma Bege Re...,"Calçados,Calçados Femininos,Tênis,Tênis Casual","R$ 229,90","R$ 159,99","R$ 170,20",2x
VIA UNO,Branco,Dafiti,Rasteirinha Via Uno Lisa Branca,"Calçados,Calçados Femininos,Rasteirinhas","R$ 69,99","R$ 49,99","R$ 53,18",1x
Vizzano,Marrom,Dafiti,Mule Feminino Vizzano Bico Fino Croco Marrom,"Calçados,Calçados Femininos,Mocassim","R$ 119,90","R$ 79,99","R$ 85,10",1x
New Balance,Preto,Dafiti,Tênis Feminino New Balance 327v1 Preto,"Calçados,Calçados Femininos,Tênis,Tênis Casual","R$ 599,99","R$ 509,99","R$ 542,54",5x
Beira Rio,Preto,Dafiti,Rasteira Feminina Beira Rio Tiras Finas Preta,"Calçados,Calçados Femininos,Rasteirinhas","R$ 99,90","R$ 69,99","R$ 74,46",1x
VIA UNO,Marrom,Dafiti,Sandália Feminina Via Uno Salto Anabela Marrom,"Calçados,Calçados Femininos,Sandálias,Sandália Anabela","R$ 129,99","R$ 69,99","R$ 74,46",1x
VIA UNO,Preto,Dafiti,Rasteira Feminina VIA UNO Tiras Brilho Preta,"Calçados,Calçados Femininos,Rasteirinhas","R$ 99,99","R$ 69,99","R$ 74,46",1x
Moleca,Marrom,Dafiti,Tênis Feminino Moleca Cadarço Marrom,"Calçados,Calçados Femininos,Tênis,Tênis Casual","R$ 79,90","R$ 47,29","R$ 50,31",1x
Moleca,Preto,Dafiti,Tênis Moleca Recorte Preto,"Calçados,Calçados Femininos,Tênis,Tênis Casual","R$ 129,90","R$ 64,19","R$ 68,29",1x
VIA UNO,Dourado,Dafiti,Sandália Feminina VIA UNO Tiras Metaliza...,"Calçados,Calçados Femininos,Sandálias,Sandália Salto Grosso","R$ 119,99","R$ 74,99","R$ 79,78",1x
Jorge Bischoff,Caramelo,Dafiti,Sandália Jorge Bischoff  de Couro Lezard Caramelo,"Calçados,Calçados Femininos,Sandálias,Sandália Salto Grosso","R$ 449,00","R$ 274,99","R$ 292,54",4x
Santa Lolla,Branco,Dafiti,Tênis Feminino Santa Lolla Detalhe Verniz Branco,"Calçados,Calçados Femininos,Tênis,Tênis Casual","R$ 169,90","R$ 124,99","R$ 132,97",2x
Capodarte,Preto,Dafiti,Scarpin Capodarte Couro Salto Médio Preto,"Calçados,Calçados Femininos,Scarpin","R$ 439,99","R$ 309,99","R$ 329,78",5x
Bottero,Caramelo,Dafiti,Sandália Feminina Bottero Salto Anabela Caramelo,"Calçados,Calçados Femininos,Sandálias,Sandália Anabela","R$ 269,99","R$ 148,59","R$ 158,07",2x
Beira Rio,Preto,Dafiti,Scarpin Beira Rio Tira Hotfix Preta,"Calçados,Calçados Femininos,Scarpin","R$ 159,99","R$ 94,99","R$ 101,05",1x
Jorge Bischoff,Marrom,Dafiti,Sapatilha Feminina Jorge Bischoff Bico Fino Marrom,"Calçados,Calçados Femininos,Sapatilhas,Sapatilha Bico Fino","R$ 549,00","R$ 239,99","R$ 255,31",4x
Via Marte,Bege,Dafiti,Tênis Feminino Via Marte Slip On Textil Bege,"Calçados,Calçados Femininos,Tênis,Tênis Casual","R$ 199,99","R$ 149,99","R$ 159,56",2x
Usaflex,Rosa,Dafiti,Sandália Usaflex Couro Salto Baixo Rosa,"Calçados,Calçados Femininos,Sandálias,Sandália Anabela","R$ 219,99","R$ 139,99","R$ 148,93",2x
Jorge Bischoff,Nude,Dafiti,Sandália Feminina Jorge Bischoff Couro S...,"Calçados,Calçados Femininos,Tamanco","R$ 489,00","R$ 229,99","R$ 244,67",4x
Moleca,Off-white,Dafiti,Rasteira Feminina Moleca Duas Fivelas Off-White,"Calçados,Calçados Femininos,Rasteirinhas","R$ 129,90","R$ 85,99","R$ 91,48",1x
Luiza Barcelos,Dourado,Dafiti,Sandália Feminina Luiza Barcelos Tiras S...,"Calçados,Calçados Femininos,Sandálias","R$ 659,90","R$ 329,99","R$ 351,05",5x
Santa Lolla,Preto,Dafiti,Scarpin Feminino Santa Lolla Couro Preto,"Calçados,Calçados Femininos,Scarpin","R$ 299,90","R$ 214,99","R$ 228,71",3x
Jorge Bischoff,Café,Dafiti,Sapatilha Feminina Jorge Bischoff Textura Croco,"Calçados,Calçados Femininos,Sapatilhas,Sapatilha Bico Fino","R$ 399,00","R$ 194,99","R$ 207,44",3x
adidas Originals,Prata,Dafiti,Tênis adidas Originals Samba Jane Prata,"Calçados,Calçados Femininos,Tênis,Tênis Casual","R$ 599,99","R$ 563,99","R$ 599,99",5x
Santa Lolla,Preto,Dafiti,Bota Feminina Santa Lolla Cano Alto Preta,"Calçados,Calçados Femininos,Botas,Bota Montaria e Cano Longo","R$ 499,90","R$ 359,99","R$ 382,97",5x
Vizzano,Preto,Dafiti,Sandália Feminina Vizzano Salto Médio Preta,"Calçados,Calçados Femininos,Tamanco","R$ 139,90","R$ 109,99","R$ 117,01",1x
Moleca,Nude,Dafiti,Sapatilha Moleca Perfuros Nude,"Calçados,Calçados Femininos,Sapatilhas,Sapatilha Bico Fino","R$ 59,90","R$ 35,99","R$ 38,29",1x
Usaflex,Preto,Dafiti,Tênis Slip On Feminino Usaflex Cano Baix...,"Calçados,Calçados Femininos,Tênis,Tênis Casual","R$ 249,99","R$ 169,99","R$ 180,84",3x
Modare,Caramelo,Dafiti,Tênis Modare Matelassê Caramelo,"Calçados,Calçados Femininos,Tênis,Tênis Casual","R$ 179,99","R$ 134,99","R$ 143,61",2x
Arezzo,Marrom,Dafiti,Bota Feminina Arezzo Cano Alto Couro Marrom,"Calçados,Calçados Femininos,Botas,Bota Montaria e Cano Longo","R$ 799,90","R$ 509,99","R$ 542,54",5x
Anacapri,Bege,Dafiti,Tênis Anacapri Texturizado Bege,"Calçados,Calçados Femininos,Tênis,Tênis Casual","R$ 229,99","R$ 164,99","R$ 175,52",2x
Santa Lolla,Preto,Dafiti,Slip On Santa Lolla Jeans Azul,"Calçados,Calçados Femininos,Tênis","R$ 149,90","R$ 124,99","R$ 132,97",2x
Dakota,Caramelo,Dafiti,Bota Dakota Cano Curto Matelassê Caramelo,"Calçados,Calçados Femininos,Botas,Bota Cano Curto","R$ 199,99","R$ 114,99","R$ 122,33",2x
Vizzano,Preto,Dafiti,Scarpin Feminino Vizzano Bico Fino Preto,"Calçados,Calçados Femininos,Scarpin","R$ 169,90","R$ 119,99","R$ 127,65",2x
Arezzo,Preto,Dafiti,Sapatilha Feminina Arezzo Matelassê Laço Preta,"Calçados,Calçados Femininos,Sapatilhas,Sapatilha Bico Redondo","R$ 159,99","R$ 150,39","R$ 159,99",2x
Santa Lolla,Marrom,Dafiti,Sandália Feminina Santa Lolla Tiras Salt...,"Calçados,Calçados Femininos,Sandálias,Sandália Salto Fino","R$ 249,90","R$ 169,99","R$ 180,84",3x
Vizzano,Preto,Dafiti,Bota Feminina Vizzano Cano Baixo Preta,"Calçados,Calçados Femininos,Botas,Coturno e Biker","R$ 229,99","R$ 107,69","R$ 114,56",1x
Bebecê,Preto,Dafiti,Sandália Feminina Bebecê Salto Médio Preta,"Calçados,Calçados Femininos,Sandálias,Sandália Anabela","R$ 109,99","R$ 84,99","R$ 90,41",1x
Vizzano,Preto,Dafiti,Sandália Vizzano Tiras Preta,"Calçados,Calçados Femininos,Sandálias,Sandália Salto Grosso","R$ 149,99","R$ 124,99","R$ 132,97",2x
Vizzano,Vinho,Dafiti,Scarpin Feminino Vizzano Bico Fino Salto...,"Calçados,Calçados Femininos,Scarpin","R$ 159,90","R$ 123,99","R$ 131,90",2x
VIA UNO,Dourado,Dafiti,Tênis Feminino Via Uno Metalizado Dourado,"Calçados,Calçados Femininos,Tênis,Tênis Casual","R$ 199,99","R$ 124,99","R$ 132,97",2x
Vizzano,Marrom,Dafiti,Scarpin Feminino Vizzano Salto Bloco Marrom,"Calçados,Calçados Femininos,Scarpin","R$ 159,90","R$ 99,99","R$ 106,37",1x
Vans,Azul,Dafiti,Tênis Feminino Vans Ua Ultrarange 2.0 RW...,"Calçados,Calçados Femininos,Tênis,Tênis Casual","R$ 699,99","R$ 442,19","R$ 470,41",5x
Vizzano,Marrom,Dafiti,Sandália Feminina Vizzano Salto Grosso C...,"Calçados,Calçados Femininos,Sandálias","R$ 199,90","R$ 134,99","R$ 143,61",2x
Anacapri,Marrom,Dafiti,Tênis Feminino ANACAPRI Casual Marrom,"Calçados,Calçados Femininos,Tênis,Tênis Casual","R$ 199,90","R$ 187,91","R$ 187,91",3x
Moleca,Bege,Dafiti,Tênis Moleca Liso Bege,"Calçados,Calçados Femininos,Tênis,Tênis Casual","R$ 89,90","R$ 54,99","R$ 58,50",1x
Jorge Bischoff,Caramelo,Dafiti,Scarpin Feminino Jorge Bischoff Textura ...,"Calçados,Calçados Femininos,Scarpin","R$ 569,00","R$ 309,99","R$ 329,78",5x
Vizzano,Marrom,Dafiti,Tênis Feminino Vizzano Cadarço Marrom,"Calçados,Calçados Femininos,Tênis,Tênis Casual","R$ 189,90","R$ 129,99","R$ 138,29",2x
Vans,Marrom,Dafiti,Tênis Vans Authentic Couro Animal Print Marrom,"Calçados,Calçados Femininos,Tênis,Tênis Casual","R$ 349,99","R$ 209,99","R$ 223,39",3x
VIA UNO,Marrom,Dafiti,Scarpin Feminino VIA UNO Salto Médio Bic...,"Calçados,Calçados Femininos,Scarpin","R$ 119,99","R$ 69,99","R$ 74,46",1x
Usaflex,Marrom,Dafiti,Scarpin Feminino Usaflex Couro Bico Fino Marrom,"Calçados,Calçados Femininos,Scarpin","R$ 269,99","R$ 154,99","R$ 164,88",2x
Santa Lolla,Marrom,Dafiti,Mocassim Feminino Santa Lolla Couro Marrom,"Calçados,Calçados Femininos,Mocassim","R$ 189,90","R$ 144,99","R$ 154,24",2x
Kolosh,Bege,Dafiti,Tênis Feminino Kolosh Cadarço Nude,"Calçados,Calçados Femininos,Tênis,Tênis Casual","R$ 189,99","R$ 154,99","R$ 164,88",2x
Via Marte,Caramelo,Dafiti,Tênis Feminino Via Marte Cano Baixo Sint...,"Calçados,Calçados Femininos,Tênis,Tênis Casual","R$ 199,99","R$ 124,99","R$ 132,97",2x
Modare,Nude,Dafiti,Sandália Feminina Modare Salto Anabela Nude,"Calçados,Calçados Femininos,Sandálias,Sandália Anabela","R$ 139,90","R$ 87,99","R$ 93,61",1x
Bottero,Marrom,Dafiti,Mocassim Feminino Bottero Couro Detalhe ...,"Calçados,Calçados Femininos,Mocassim","R$ 379,99","R$ 234,99","R$ 249,99",4x
Santa Lolla,Branco,Dafiti,Sandália Feminina Santa Lolla Salto Bloc...,"Calçados,Calçados Femininos,Sandálias,Sandália Salto Fino","R$ 269,90","R$ 194,99","R$ 207,44",3x
VIA UNO,Bege,Dafiti,Sapatilha VIA UNO Bico Fino Bege,"Calçados,Calçados Femininos,Sapatilhas,Sapatilha Bico Fino","R$ 99,99","R$ 64,99","R$ 69,14",1x
Santa Lolla,Branco,Dafiti,Sandália Feminina Santa Lolla Salto Médi...,"Calçados,Calçados Femininos,Sandálias,Sandália Salto Grosso","R$ 289,90","R$ 224,99","R$ 239,35",3x
Jorge Bischoff,Rosa,Dafiti,Scarpin Feminino Jorge Bischoff Couro Rosa,"Calçados,Calçados Femininos,Scarpin","R$ 499,00","R$ 249,99","R$ 265,95",4x
Anacapri,Cinza,Dafiti,Tênis Feminino ANACAPRI Cadarço Têxtil Cinza,"Calçados,Calçados Femininos,Tênis,Tênis Casual","R$ 199,90","R$ 159,99","R$ 170,20",2x
Kolosh,Preto,Dafiti,Tênis Kolosh Bordado Preto,"Calçados,Calçados Femininos,Tênis,Tênis Casual","R$ 199,99","R$ 149,79","R$ 159,35",2x
Colcci,Verde,Dafiti,Tênis Feminino Colcci Knit Verde,"Calçados,Calçados Femininos,Tênis,Tênis Casual","R$ 239,99","R$ 134,99","R$ 143,61",2x
Jorge Bischoff,Marrom,Dafiti,Scarpin Feminino Jorge Bischoff Bico Fino Marrom,"Calçados,Calçados Femininos,Scarpin","R$ 599,00","R$ 269,99","R$ 287,22",4x
Modare,Marrom,Dafiti,Sapatilha Feminina Modare Fivela Terracota,"Calçados,Calçados Femininos,Sapatilhas,Sapatilha Bico Fino","R$ 129,90","R$ 69,99","R$ 74,46",1x
VIA UNO,Marrom,Dafiti,Bota Feminina VIA UNO Cano Baixa Design ...,"Calçados,Calçados Femininos,Botas,Bota Cano Curto","R$ 169,99","R$ 99,99","R$ 106,37",1x
Kolosh,Branco,Dafiti,Tênis Feminino Kolosh Mesh Branco/Prata/Preto,"Calçados,Calçados Femininos,Tênis,Tênis Casual","R$ 289,99","R$ 189,99","R$ 202,12",3x
Bottero,Marrom,Dafiti,Sandália Feminina Bottero Salto Anabela ...,"Calçados,Calçados Femininos,Sandálias,Sandália Anabela","R$ 299,99","R$ 164,99","R$ 175,52",2x
Jorge Bischoff,Off-white,Dafiti,Sapatilha Jorge Bischoff Laço Couro Off-White,"Calçados,Calçados Femininos,Sapatilhas,Sapatilha Bico Fino","R$ 469,00","R$ 184,99","R$ 196,80",3x
Jorge Bischoff,Caramelo,Dafiti,Sapatilha Couro Slingback Jorge Bischoff...,"Calçados,Calçados Femininos,Sapatilhas,Sapatilha Bico Fino","R$ 449,00","R$ 164,99","R$ 175,52",2x
Anacapri,Prata,Dafiti,Sapatilha ANACAPRI Matelassê Prata,"Calçados,Calçados Femininos,Sapatilhas,Sapatilha Bico Redondo","R$ 159,99","R$ 139,99","R$ 148,93",2x
Bottero,Marrom,Dafiti,Sandália Feminina Bottero Salto Bloco Co...,"Calçados,Calçados Femininos,Sandálias,Sandália Salto Grosso","R$ 269,99","R$ 174,99","R$ 186,16",3x
Moleca,Marrom,Dafiti,Sapatilha Moleca Laço Marrom,"Calçados,Calçados Femininos,Sapatilhas,Sapatilha Bico Redondo","R$ 59,90","R$ 35,99","R$ 38,29",1x
Dakota,Bege,Dafiti,Tênis Feminino Dakota Casual Bege,"Calçados,Calçados Femininos,Tênis,Tênis Casual","R$ 329,99","R$ 209,99","R$ 223,39",3x
New Balance,Rosa,Dafiti,Tênis Feminino New Balance Fresh Foam Ar...,"Calçados,Calçados Femininos,Tênis,Tênis Casual","R$ 549,99","R$ 516,99","R$ 549,99",5x
Usaflex,Marrom,Dafiti,Mocassim Usaflex Bico Arredondado Marrom,"Calçados,Calçados Femininos,Mocassim","R$ 379,99","R$ 194,99","R$ 207,44",3x
Bebecê,Marrom,Dafiti,Scarpin Mule Feminino Bebecê Croco Bico ...,"Calçados,Calçados Femininos,Scarpin","R$ 169,99","R$ 114,99","R$ 122,33",2x
Usaflex,Marrom,Dafiti,Scarpin Slingback Usaflex Couro Salto Bloco Marrom,"Calçados,Calçados Femininos,Scarpin","R$ 329,99","R$ 157,49","R$ 167,54",2x
Jorge Bischoff,Caramelo,Dafiti,Sandália Jorge Bischoff Lezard Caramelo,"Calçados,Calçados Femininos,Sandálias,Sandália Salto Grosso","R$ 599,00","R$ 269,99","R$ 287,22",4x
Anacapri,Marrom,Dafiti,Clog Feminino ANACAPRI Tiras Cruzadas Marrom,"Calçados,Calçados Femininos,Mocassim","R$ 299,90","R$ 149,90","R$ 159,47",2x
Dakota,Preto,Dafiti,Tênis Feminino Dakota Pelinho Cano Curto Preto,"Calçados,Calçados Femininos,Tênis,Tênis Casual","R$ 299,99","R$ 169,99","R$ 180,84",3x
Santa Lolla,Vinho,Dafiti,Rasteira Feminina Santa Lolla Couro Vinho,"Calçados,Calçados Femininos,Rasteirinhas","R$ 199,90","R$ 129,99","R$ 138,29",2x
Usaflex,Azul Marinho,Dafiti,Sandália Feminina Usaflex Salto Bloco Az...,"Calçados,Calçados Femininos,Sandálias,Sandália Salto Grosso","R$ 299,99","R$ 164,99","R$ 175,52",2x
Moleca,Rosa,Dafiti,Tênis Feminino Moleca Cadarço Rosa e Branco,"Calçados,Calçados Femininos,Tênis,Tênis Casual","R$ 139,90","R$ 74,99","R$ 79,78",1x
adidas Originals,Preto,Dafiti,Tênis adidas Originals Samba OG Preto,"Calçados,Calçados Femininos,Tênis,Tênis Casual,Calçados Masculinos,Tênis,Tênis Casual","R$ 799,99","R$ 751,98","R$ 799,98",5x
Beira Rio,Caramelo,Dafiti,Sandália Feminina Beira Rio Tiras com Br...,"Calçados,Calçados Femininos,Tamanco","R$ 109,99","R$ 59,99","R$ 63,82",1x
Anacapri,Preto,Dafiti,Sandália Feminina ANACAPRI Salto Fino Preta,"Calçados,Calçados Femininos,Sandálias,Sandália Salto Fino","R$ 229,90","R$ 114,90","R$ 122,23",2x
Anacapri,Bege,Dafiti,Rasteira Feminina Anacapri Tachas Bege,"Calçados,Calçados Femininos,Rasteirinhas","R$ 149,99","R$ 89,99","R$ 95,73",1x
Vizzano,Prata,Dafiti,Sandália Feminina Vizzano Salto Bloco Prata,"Calçados,Calçados Femininos,Sandálias,Sandália Salto Grosso","R$ 129,99","R$ 84,99","R$ 90,41",1x
Santa Lolla,Caramelo,Dafiti,Sandália Feminina Santa Lolla Salto Baix...,"Calçados,Calçados Femininos,Sandálias,Sandália Salto Grosso","R$ 229,90","R$ 149,99","R$ 159,56",2x
Santa Lolla,Preto,Dafiti,Sandália Feminina Santa Lolla Salto Médio Preta,"Calçados,Calçados Femininos,Tamanco","R$ 199,90","R$ 109,99","R$ 117,01",1x
Santa Lolla,Marrom,Dafiti,Sandália Feminina Santa Lolla Salto Fino Caramelo,"Calçados,Calçados Femininos,Sandálias","R$ 249,90","R$ 209,99","R$ 223,39",3x
Modare,Marrom,Dafiti,Sandália Modare Enfeite Pedraria Marrom,"Calçados,Calçados Femininos,Sandálias,Sandália Salto Grosso","R$ 159,90","R$ 89,99","R$ 95,73",1x
Beira Rio,Preto,Dafiti,Sandália Feminina Beira Rio Salto Bloco ...,"Calçados,Calçados Femininos,Sandálias,Sandália Salto Grosso","R$ 149,90","R$ 97,99","R$ 104,24",1x
Anacapri,Bege,Dafiti,Tênis Feminino ANACAPRI Recortes Bege,"Calçados,Calçados Femininos,Tênis,Tênis Casual","R$ 279,90","R$ 219,99","R$ 234,03",3x
Asics,Branco,Dafiti,Tênis Feminino Asics Gel-1130 Branco,"Calçados,Calçados Femininos,Tênis,Tênis Casual","R$ 699,99","R$ 657,98","R$ 699,98",5x
Vans,Preto,Dafiti,Tênis Vans Old Skool Xadrez Preto,"Calçados,Calçados Femininos,Tênis,Tênis Casual,Calçados Masculinos,Tênis,Tênis Casual","R$ 379,99","R$ 357,19","R$ 379,99",5x
Jorge Bischoff,Preto,Dafiti,Sandália Feminina Jorge Bischoff Couro S...,"Calçados,Calçados Femininos,Tamanco","R$ 499,00","R$ 249,99","R$ 265,95",4x
Beira Rio,Marrom,Dafiti,Rasteira Feminina Beira Rio Tiras Textur...,"Calçados,Calçados Femininos,Rasteirinhas","R$ 79,99","R$ 44,99","R$ 47,86",1x
VIA UNO,Branco,Dafiti,Tênis Feminino VIA UNO Cano Baixo Branco,"Calçados,Calçados Femininos,Tênis,Tênis Casual","R$ 169,99","R$ 109,99","R$ 117,01",1x
Vizzano,Preto,Dafiti,Sapatilha Feminina Vizzano Bico Fino Preta,"Calçados,Calçados Femininos,Sapatilhas,Sapatilha Bico Fino","R$ 139,99","R$ 84,99","R$ 90,41",1x
Dakota,Preto,Dafiti,Tênis Feminino Dakota Baixo Preto,"Calçados,Calçados Femininos,Tênis,Tênis Casual","R$ 249,99","R$ 174,99","R$ 186,16",3x
Santa Lolla,Preto,Dafiti,Sandália Feminina Santa Lolla Tiras Salt...,"Calçados,Calçados Femininos,Sandálias,Sandália Salto Grosso","R$ 199,90","R$ 154,99","R$ 164,88",2x
Modare,Branco,Dafiti,Tênis Modare Liso Branco,"Calçados,Calçados Femininos,Tênis,Tênis Casual","R$ 139,90","R$ 79,99","R$ 85,10",1x
Jorge Bischoff,Preto,Dafiti,Scarpin Jorge Bischoff Couro Salto Bloco...,"Calçados,Calçados Femininos,Scarpin","R$ 549,00","R$ 299,99","R$ 319,14",5x
Vizzano,Off-white,Dafiti,Scarpin Feminino Vizzano Salto Médio Tex...,"Calçados,Calçados Femininos,Scarpin","R$ 169,90","R$ 104,99","R$ 111,69",1x
Vizzano,Marrom,Dafiti,Tênis Feminino Vizzano Cano Baixo Marrom,"Calçados,Calçados Femininos,Tênis,Tênis Casual","R$ 239,90","R$ 144,99","R$ 154,24",2x
Beira Rio,Marrom,Dafiti,Scarpin Feminino Beira Rio Bico Fino Marrom,"Calçados,Calçados Femininos,Scarpin","R$ 119,90","R$ 79,99","R$ 85,10",1x
Moleca,Off-white,Dafiti,Tênis Moleca Liso Off-White,"Calçados,Calçados Femininos,Tênis,Tênis Casual","R$ 89,90","R$ 69,99","R$ 74,46",1x
Mooncity,Preto,Dafiti,Bota Feminina Mooncity Cano Alto Preta,"Calçados,Calçados Femininos,Botas,Bota Montaria e Cano Longo","R$ 199,99","R$ 119,99","R$ 127,65",2x
Beira Rio,Preto,Dafiti,Clog Feminino Beira Rio Fivela Preto,"Calçados,Calçados Femininos,Mocassim","R$ 139,90","R$ 91,99","R$ 97,86",1x
Via Marte,Marrom,Dafiti,Tênis Feminino Via Marte Cano Baixo Marrom,"Calçados,Calçados Femininos,Tênis,Tênis Casual","R$ 249,99","R$ 159,99","R$ 170,20",2x
Arezzo,Preto,Dafiti,Sapatilha Feminina Arezzo Laço Preta,"Calçados,Calçados Femininos,Sapatilhas,Sapatilha Bico Redondo","R$ 349,90","R$ 328,90","R$ 349,89",5x
Anacapri,Marrom,Dafiti,Sapatilha Feminina ANACAPRI Tiras Cruzadas Marrom,"Calçados,Calçados Femininos,Sapatilhas,Sapatilha Bico Fino","R$ 199,90","R$ 159,99","R$ 170,20",2x
Asics,Bege,Dafiti,Tênis Feminino Asics Gel Nyc 2055 Bege,"Calçados,Calçados Femininos,Tênis,Tênis Casual","R$ 999,99","R$ 689,99","R$ 734,03",5x
Bebecê,Caramelo,Dafiti,Sandália Bebecê Transpasse Croco Caramelo,"Calçados,Calçados Femininos,Sandálias,Sandália Salto Grosso","R$ 99,99","R$ 74,99","R$ 79,78",1x
Vizzano,Preto,Dafiti,Tênis Vizzano Preto,"Calçados,Calçados Femininos,Tênis,Tênis Casual","R$ 149,99","R$ 119,99","R$ 127,65",2x
Jorge Bischoff,Off-white,Dafiti,Tênis Jorge Bischoff de Couro Cobra Off White,"Calçados,Calçados Femininos,Tênis,Tênis Casual,Tênis Casual","R$ 569,00","R$ 284,99","R$ 303,18",5x
Santa Lolla,Caramelo,Dafiti,Bota Feminina Santa Lolla Cano Baixo Cou...,"Calçados,Calçados Femininos,Botas,Bota Cano Curto","R$ 349,90","R$ 189,99","R$ 202,12",3x
New Balance,Preto,Dafiti,Tênis Masculino New Balance 740 Preto,"Calçados,Calçados Femininos,Tênis,Tênis Casual,Calçados Masculinos,Tênis,Tênis Casual","R$ 749,99","R$ 679,99","R$ 723,39",5x
Beira Rio,Marrom,Dafiti,Mocassim Feminino Beira Rio Detalhe Meta...,"Calçados,Calçados Femininos,Mocassim","R$ 129,90","R$ 74,59","R$ 79,35",1x
Asics,Branco,Dafiti,Tênis Unissex Asics Gel-1130 Branco,"Calçados,Calçados Femininos,Tênis,Tênis Casual,Calçados Masculinos,Tênis,Tênis Casual","R$ 699,99","R$ 657,98","R$ 699,98",5x
adidas Originals,Azul,Dafiti,Tênis Unissex adidas Originals Gazelle I...,"Calçados,Calçados Femininos,Tênis,Tênis Casual,Calçados Masculinos,Tênis,Tênis Casual","R$ 699,99","R$ 529,99","R$ 563,82",5x
Vizzano,Preto,Dafiti,Scarpin Vizzano Salto Alto Bico Fino Preto,"Calçados,Calçados Femininos,Scarpin","R$ 199,90","R$ 154,99","R$ 164,88",2x
Vizzano,Nude,Dafiti,Scarpin Feminino Vizzano Salto Médio Bic...,"Calçados,Calçados Femininos,Scarpin","R$ 179,90","R$ 129,99","R$ 138,29",2x
Bebecê,Nude,Dafiti,Sapatilha Feminina Bebecê Bico Fino Nude,"Calçados,Calçados Femininos,Sapatilhas,Sapatilha Bico Fino","R$ 89,99","R$ 74,99","R$ 79,78",1x
Beira Rio,Branco,Dafiti,Tênis Feminino Beira Rio Detalhe Dourado Branco,"Calçados,Calçados Femininos,Tênis,Tênis Casual","R$ 189,90","R$ 119,99","R$ 127,65",2x
Ramarim,Bege,Dafiti,Tênis Feminino Ramarim Cano Baixo Bege,"Calçados,Calçados Femininos,Tênis,Tênis Casual","R$ 289,90","R$ 177,99","R$ 189,35",3x
Dakota,Bege,Dafiti,Tênis Feminino Dakota Cano Baixo Zíper Bege,"Calçados,Calçados Femininos,Tênis,Tênis Casual","R$ 299,99","R$ 169,99","R$ 180,84",3x
Vizzano,Caramelo,Dafiti,Rasteira Feminina Vizzano Tiras Fivela Caramelo,"Calçados,Calçados Femininos,Rasteirinhas","R$ 119,90","R$ 64,99","R$ 69,14",1x
Vizzano,Preto,Dafiti,Scarpin Feminino Vizzano Médio Slingback...,"Calçados,Calçados Femininos,Scarpin","R$ 159,90","R$ 138,99","R$ 147,86",2x
Vizzano,Caramelo,Dafiti,Scarpin Vizzano Salto Fino Detalhe Corre...,"Calçados,Calçados Femininos,Scarpin","R$ 179,90","R$ 124,99","R$ 132,97",2x
adidas Originals,Bege,Dafiti,Tênis adidas Originals Samba OG Couro Bege,"Calçados,Calçados Femininos,Tênis,Tênis Casual","R$ 799,99","R$ 669,99","R$ 712,76",5x
Modare,Preto,Dafiti,Scarpin Feminino Modare Salto Médio Preto,"Calçados,Calçados Femininos,Scarpin","R$ 139,99","R$ 84,99","R$ 90,41",1x
VIA UNO,Preto,Dafiti,Mocassim Feminino VIA UNO Detalhe Fivela Preto,"Calçados,Calçados Femininos,Mocassim","R$ 99,99","R$ 79,99","R$ 85,10",1x
Usaflex,Marrom,Dafiti,Sandália Feminina Usaflex Salto Bloco Te...,"Calçados,Calçados Femininos,Sandálias,Sandália Salto Grosso","R$ 219,99","R$ 139,99","R$ 148,93",2x
Santa Lolla,Prata,Dafiti,Rasteira Santa Lolla Com Necessaire Prata,"Calçados,Calçados Femininos,Rasteirinhas","R$ 169,90","R$ 89,99","R$ 95,73",1x
Anacapri,Off-white,Dafiti,Tênis Feminino ANACAPRI Casual Off-White,"Calçados,Calçados Femininos,Tênis,Tênis Casual","R$ 189,90","R$ 178,51","R$ 178,51",2x
Santa Lolla,Caramelo,Dafiti,Rasteira Feminina Santa Lolla Salto Baixo Caramelo,"Calçados,Calçados Femininos,Rasteirinhas","R$ 199,90","R$ 149,99","R$ 159,56",2x
Jorge Bischoff,Preto,Dafiti,Scarpin Jorge Bischoff Couro Salto Quadrado Preto,"Calçados,Calçados Femininos,Scarpin","R$ 549,00","R$ 279,99","R$ 297,86",4x
adidas Originals,Bege,Dafiti,Tênis Feminino Adidas Originals Japan W Bege,"Calçados,Calçados Femininos,Tênis,Tênis Casual","R$ 999,99","R$ 689,99","R$ 734,03",5x
Moleca,Bege,Dafiti,Tênis Feminino Moleca com Cadarço Bege,"Calçados,Calçados Femininos,Tênis,Tênis Casual","R$ 109,99","R$ 59,99","R$ 63,82",1x
Kolosh,Bege,Dafiti,Tênis Feminino Kolosh Cadarço Bege,"Calçados,Calçados Femininos,Tênis,Tênis Casual","R$ 289,99","R$ 184,99","R$ 196,80",3x
Vans,Bege,Dafiti,Tênis Unissex Vans Ua Authentic Textil Bege,"Calçados,Calçados Femininos,Tênis,Tênis Casual,Calçados Masculinos,Tênis,Tênis Casual","R$ 299,99","R$ 281,99","R$ 299,99",5x
VIA UNO,Marrom,Dafiti,Mocassim Feminino VIA UNO Fivela Marrom,"Calçados,Calçados Femininos,Mocassim","R$ 129,99","R$ 94,99","R$ 101,05",1x
Asics,Bege,Dafiti,Tênis Unissex  Asics Gel-Nyc Bege,"Calçados,Calçados Femininos,Tênis,Tênis Casual,Calçados Masculinos,Tênis,Tênis Casual","R$ 999,99","R$ 939,98","R$ 999,98",5x
Arezzo,Marrom,Dafiti,Bota Cano Alto Feminina Arezzo Marrom,"Calçados,Calçados Femininos,Botas,Bota Montaria e Cano Longo","R$ 479,90","R$ 299,99","R$ 319,14",5x
Modare,Preto,Dafiti,Tênis Feminino Modare Slip On Preto,"Calçados,Calçados Femininos,Tênis,Tênis Casual","R$ 209,90","R$ 149,99","R$ 159,56",2x
Jorge Bischoff,Marrom,Dafiti,Scarpin Jorge Bischoff Couro Salto Fino Marrom,"Calçados,Calçados Femininos,Scarpin","R$ 599,00","R$ 279,99","R$ 297,86",4x
Santa Lolla,Azul,Dafiti,Tênis Slip On Santa Lolla Suede Azul,"Calçados,Calçados Femininos,Tênis,Slip On","R$ 159,99","R$ 99,99","R$ 106,37",1x
Vizzano,Branco,Dafiti,Tênis Feminino Vizzano Cadarço Branco,"Calçados,Calçados Femininos,Tênis,Tênis Casual","R$ 199,90","R$ 124,99","R$ 132,97",2x
Modare,Branco,Dafiti,Scarpin Feminino Modare Couro Slingback Branco,"Calçados,Calçados Femininos,Scarpin","R$ 149,99","R$ 114,99","R$ 122,33",2x
Santa Lolla,Marrom,Dafiti,Mocassim Feminino Santa Lolla Couro Esta...,"Calçados,Calçados Femininos,Mocassim","R$ 249,90","R$ 169,99","R$ 180,84",3x
Modare,Marrom,Dafiti,Sapatilha Feminina Modare Bico Fino Marrom,"Calçados,Calçados Femininos,Sapatilhas,Sapatilha Bico Fino","R$ 119,99","R$ 69,99","R$ 74,46",1x
VIA UNO,Preto,Dafiti,Sandália Feminina VIA UNO Salto Bloco Preta,"Calçados,Calçados Femininos,Sandálias,Sandália Salto Grosso","R$ 119,99","R$ 89,99","R$ 95,73",1x
Anacapri,Vermelho,Dafiti,Rasteira Feminina ANACAPRI Couro Vermelha,"Calçados,Calçados Femininos,Rasteirinhas","R$ 99,90","R$ 79,99","R$ 85,10",1x
Santa Lolla,Off-white,Dafiti,Scarpin Feminino Santa Lolla Salto Baixo...,"Calçados,Calçados Femininos,Scarpin","R$ 239,99","R$ 139,99","R$ 148,93",2x
Jorge Bischoff,Bege,Dafiti,Tênis Jorge Bischoff Couro Bege,"Calçados,Calçados Femininos,Tênis,Tênis Casual","R$ 699,00","R$ 299,99","R$ 319,14",5x
Jorge Bischoff,Dourado,Dafiti,Scarpin Feminino Jorge Bischoff Bico Fino Dourado,"Calçados,Calçados Femininos,Scarpin","R$ 499,00","R$ 279,99","R$ 297,86",4x
Anacapri,Verde,Dafiti,Sapatilha Feminina ANACAPRI Slingback Verde,"Calçados,Calçados Femininos,Sapatilhas,Sapatilha Bico Fino","R$ 189,90","R$ 124,99","R$ 132,97",2x
Santa Lolla,Preto,Dafiti,Mocassim Santa Lolla Couro Preto,"Calçados,Calçados Femininos,Mocassim","R$ 199,90","R$ 145,99","R$ 155,31",2x
Bottero,Preto,Dafiti,Sandália Feminina Bottero Salto Baixo Preta,"Calçados,Calçados Femininos,Sandálias,Sandália Salto Fino","R$ 299,99","R$ 164,99","R$ 175,52",2x
Moleca,Vermelho,Dafiti,Sapatilha Feminina Moleca Laço Vermelha,"Calçados,Calçados Femininos,Sapatilhas,Sapatilha Bico Redondo","R$ 109,99","R$ 49,99","R$ 53,18",1x
Moleca,Bege,Dafiti,Rasteira Feminina Moleca Pins Bege,"Calçados,Calçados Femininos,Rasteirinhas","R$ 109,90","R$ 79,99","R$ 85,10",1x
Vans,Preto,Dafiti,Tênis Vans Ultrarange Rapidweld Preto,"Calçados,Calçados Femininos,Tênis,Tênis Casual,Calçados Masculinos,Tênis,Tênis Casual","R$ 549,99","R$ 516,99","R$ 549,99",5x
Vizzano,Vinho,Dafiti,Scarpin Feminino Vizzano Salto Bloco Det...,"Calçados,Calçados Femininos,Scarpin","R$ 159,90","R$ 95,99","R$ 102,12",1x
Jorge Bischoff,Marrom,Dafiti,Scarpin Feminino Jorge Bischoff Couro Te...,"Calçados,Calçados Femininos,Scarpin","R$ 499,00","R$ 229,99","R$ 244,67",4x
Kolosh,Marrom,Dafiti,Tênis Kolosh Recortes Marrom,"Calçados,Calçados Femininos,Tênis,Tênis Casual","R$ 189,99","R$ 134,99","R$ 143,61",2x
Santa Lolla,Marrom,Dafiti,Sandália Feminina Santa Lolla Couro Salt...,"Calçados,Calçados Femininos,Sandálias,Sandália Anabela","R$ 349,90","R$ 259,99","R$ 276,59",4x
Bebecê,Bege,Dafiti,Sapatilha Slingback Bebecê Ponta Nobuck Bege,"Calçados,Calçados Femininos,Sapatilhas,Sapatilha Bico Fino","R$ 89,99","R$ 74,99","R$ 79,78",1x
Anacapri,Preto,Dafiti,Mocassim Feminino Anacapri Preto,"Calçados,Calçados Femininos,Mocassim","R$ 289,90","R$ 204,99","R$ 218,07",3x
Vizzano,Marrom,Dafiti,Sandália Vizzano Lisa Marrom,"Calçados,Calçados Femininos,Sandálias,Sandália Salto Grosso","R$ 169,90","R$ 99,99","R$ 106,37",1x
Arezzo,Preto,Dafiti,Sandália Arezzo Couro Salto Alto Preta,"Calçados,Calçados Femininos,Tamanco","R$ 399,90","R$ 375,90","R$ 399,89",5x
VIA UNO,Dourado,Dafiti,Sapatilha Via Uno Aplicação Metalizado Dourada,"Calçados,Calçados Femininos,Sapatilhas,Sapatilha Bico Fino","R$ 89,99","R$ 64,99","R$ 69,14",1x
Modare,Nude,Dafiti,Sapatilha Modare Matelassê Nude,"Calçados,Calçados Femininos,Sapatilhas,Sapatilha Bico Redondo","R$ 109,90","R$ 74,99","R$ 79,78",1x
adidas Originals,Branco,Dafiti,Tênis Unissex adidas Originals Megaride Branco,"Calçados,Calçados Femininos,Tênis,Tênis Casual,Calçados Masculinos,Tênis,Tênis Casual","R$ 1.499,99","R$ 1.409,98","R$ 1.499,98",5x
Dakota,Marrom,Dafiti,Sandália Feminina Dakota Couro Salto Bloco Marrom,"Calçados,Calçados Femininos,Sandálias,Sandália Salto Grosso","R$ 199,99","R$ 129,99","R$ 138,29",2x
Fila,Rosa,Dafiti,Tênis Feminino Fila Striker Rosa,"Calçados,Calçados Femininos,Tênis,Tênis Casual","R$ 399,99","R$ 258,99","R$ 275,52",4x
New Balance,Off-white,Dafiti,Tênis Feminino New Balance Fresh Foam Ar...,"Calçados,Calçados Femininos,Tênis,Tênis performance","R$ 499,99","R$ 469,99","R$ 499,99",5x
Jorge Bischoff,Off-white,Dafiti,Tênis Masculino Jorge Bischoff Couro Off-White,"Calçados,Calçados Femininos,Tênis,Tênis Casual","R$ 699,00","R$ 359,99","R$ 382,97",5x
Santa Lolla,Preto,Dafiti,Scarpin Feminino Santa Lolla Salto Médio Preto,"Calçados,Calçados Femininos,Scarpin","R$ 229,90","R$ 139,99","R$ 148,93",2x
Moleca,Off-white,Dafiti,Sapatilha Feminina Moleca Laço Off-White,"Calçados,Calçados Femininos,Sapatilhas,Sapatilha Bico Redondo","R$ 69,90","R$ 41,99","R$ 44,67",1x
Jorge Bischoff,Preto,Dafiti,Scarpin Feminino Jorge Bischoff Couro Sa...,"Calçados,Calçados Femininos,Scarpin","R$ 599,00","R$ 294,99","R$ 313,82",5x
Vizzano,Marrom,Dafiti,Sapatilha Feminina Vizzano Textura Croco Marrom,"Calçados,Calçados Femininos,Sapatilhas,Sapatilha Bico Fino","R$ 139,99","R$ 84,99","R$ 90,41",1x
Kolosh,Preto,Dafiti,Tênis Feminino Kolosh Casual Preto,"Calçados,Calçados Femininos,Tênis,Tênis Casual","R$ 149,99","R$ 117,99","R$ 125,52",2x
Modare,Preto,Dafiti,Scarpin Feminino Modare Salto Médio Preto,"Calçados,Calçados Femininos,Scarpin","R$ 149,90","R$ 114,99","R$ 122,33",2x
adidas Originals,Off-white,Dafiti,Tênis Feminino adidas Originals Samba Og...,"Calçados,Calçados Femininos,Tênis,Tênis Casual","R$ 799,99","R$ 589,99","R$ 627,65",5x
Vizzano,Marrom,Dafiti,Sandália Plataforma Vizzano Salto Alto Marrom,"Calçados,Calçados Femininos,Sandálias,Sandália Plataforma","R$ 179,90","R$ 119,99","R$ 127,65",2x
Vizzano,Preto,Dafiti,Tênis Vizzano Flatform Preto,"Calçados,Calçados Femininos,Tênis,Tênis Casual","R$ 159,90","R$ 99,99","R$ 106,37",1x
Modare,Nude,Dafiti,Scarpin Feminino Modare Salto Bloco Bico Fino Nude,"Calçados,Calçados Femininos,Scarpin","R$ 139,99","R$ 88,99","R$ 94,67",1x
Santa Lolla,Marrom,Dafiti,Sandália Feminina Santa Lolla Couro Salt...,"Calçados,Calçados Femininos,Sandálias","R$ 299,90","R$ 229,99","R$ 244,67",4x
Jorge Bischoff,Vermelho,Dafiti,Sandália Feminina Jorge Bischoff Salto Q...,"Calçados,Calçados Femininos,Sandálias,Sandália Salto Grosso","R$ 549,00","R$ 239,99","R$ 255,31",4x
Vizzano,Branco,Dafiti,Sandália Feminina Vizzano Salto Anabela Branca,"Calçados,Calçados Femininos,Sandálias,Sandália Anabela","R$ 169,90","R$ 89,99","R$ 95,73",1x
Usaflex,Preto,Dafiti,Tênis Feminino Usaflex Têxtil Preto,"Calçados,Calçados Femininos,Tênis,Tênis Casual","R$ 219,99","R$ 134,99","R$ 143,61",2x
Bebecê,Marrom,Dafiti,Sapatilha Slingback Bebecê Ponta Nobuck Marrom,"Calçados,Calçados Femininos,Sapatilhas,Sapatilha Bico Fino","R$ 89,99","R$ 74,99","R$ 79,78",1x
Kolosh,Bege,Dafiti,Tênis Feminino Kolosh Sem Cadarço Bege,"Calçados,Calçados Femininos,Tênis,Tênis Casual","R$ 189,99","R$ 139,99","R$ 148,93",2x
Moleca,Bege,Dafiti,Tênis Feminino Moleca Cadarço Bege,"Calçados,Calçados Femininos,Tênis,Tênis Casual","R$ 179,90","R$ 114,99","R$ 122,33",2x
Vizzano,Marrom,Dafiti,Rasteira Feminina Vizzano Tiras Entrelaç...,"Calçados,Calçados Femininos,Rasteirinhas","R$ 109,99","R$ 69,99","R$ 74,46",1x
Bebecê,Preto,Dafiti,Bota Feminina Bebecê Cano Alto Salto Baixo Preta,"Calçados,Calçados Femininos,Botas,Bota Montaria e Cano Longo","R$ 289,99","R$ 144,99","R$ 154,24",2x
Santa Lolla,Vermelho,Dafiti,Sapatilha Feminina Santa Lolla Laço Vermelho,"Calçados,Calçados Femininos,Sapatilhas,Sapatilha Bico Redondo","R$ 199,90","R$ 129,99","R$ 138,29",2x
Jorge Bischoff,Marrom,Dafiti,Sandália Feminina Jorge Bischoff Couro S...,"Calçados,Calçados Femininos,Sandálias,Sandália Salto Grosso","R$ 549,00","R$ 294,99","R$ 313,82",5x
Santa Lolla,Bege,Dafiti,Tênis Feminino Santa Lolla Bege,"Calçados,Calçados Femininos,Tênis,Tênis Casual","R$ 229,90","R$ 139,99","R$ 148,93",2x
Santa Lolla,Caramelo,Dafiti,Scarpin Santa Lolla Tiras Trançadas Cour...,"Calçados,Calçados Femininos,Scarpin","R$ 329,90","R$ 204,99","R$ 218,07",3x
Vizzano,Marrom,Dafiti,Scarpin Feminino Vizzano Tira Fivela Marrom,"Calçados,Calçados Femininos,Scarpin","R$ 149,90","R$ 99,99","R$ 106,37",1x
Colcci,Preto,Dafiti,Tênis Feminino Colcci Cadarço Preto,"Calçados,Calçados Femininos,Tênis,Tênis Casual","R$ 399,90","R$ 194,99","R$ 207,44",3x
Jorge Bischoff,Vinho,Dafiti,Sandália Feminina Jorge Bischoff Salto B...,"Calçados,Calçados Femininos,Sandálias,Sandália Salto Grosso","R$ 599,00","R$ 274,99","R$ 292,54",4x
Jorge Bischoff,Dourado,Dafiti,Rasteira Feminina Jorge Bischoff Couro Dourada,"Calçados,Calçados Femininos,Rasteirinhas","R$ 349,00","R$ 169,99","R$ 180,84",3x
Kolosh,Preto,Dafiti,Tênis Kolosh Conforto Preto,"Calçados,Calçados Femininos,Tênis,Tênis Casual","R$ 159,99","R$ 129,99","R$ 138,29",2x
adidas Sportswear,Vermelho,Dafiti,Tênis Feminino Adidas Sportswear Technoc...,"Calçados,Calçados Femininos,Tênis,Tênis Casual","R$ 549,99","R$ 389,99","R$ 414,88",5x
Vizzano,Marrom,Dafiti,Sandália Feminina Vizzano Salto Bloco Marrom,"Calçados,Calçados Femininos,Sandálias,Sandália Salto Grosso","R$ 169,99","R$ 94,99","R$ 101,05",1x
VIA UNO,Preto,Dafiti,Rasteirinha Via Uno Lisa Preta,"Calçados,Calçados Femininos,Rasteirinhas","R$ 69,99","R$ 49,99","R$ 53,18",1x
VIA UNO,Dourado,Dafiti,Sandália Feminina Via Uno Salto Alto Dourada,"Calçados,Calçados Femininos,Sandálias","R$ 139,99","R$ 79,99","R$ 85,10",1x
Vizzano,Preto,Dafiti,Mule Feminino Vizzano Salto Bloco Plataforma Preto,"Calçados,Calçados Femininos,Mocassim","R$ 199,90","R$ 124,99","R$ 132,97",2x
Modare,Bege,Dafiti,Sapatilha Feminina Modare Ponteira Bege,"Calçados,Calçados Femininos,Sapatilhas,Sapatilha Bico Fino","R$ 119,90","R$ 64,99","R$ 69,14",1x
Kolosh,Branco,Dafiti,Tênis Kolosh Recorte Microfuro Branco,"Calçados,Calçados Femininos,Tênis,Tênis Casual","R$ 199,99","R$ 129,99","R$ 138,29",2x
Via Marte,Branco,Dafiti,Tênis Feminino Via Marte Casual Branco,"Calçados,Calçados Femininos,Tênis,Tênis Casual","R$ 219,99","R$ 154,99","R$ 164,88",2x
Moleca,Preto,Dafiti,Rasteira Feminina Moleca Detalhes Metali...,"Calçados,Calçados Femininos,Rasteirinhas","R$ 119,90","R$ 64,99","R$ 69,14",1x
Beira Rio,Off-white,Dafiti,Scarpin Feminino Beira Rio Salto Médio Off-White,"Calçados,Calçados Femininos,Scarpin","R$ 129,90","R$ 79,99","R$ 85,10",1x
adidas Originals,Preto,Dafiti,Tênis Unissex adidas Originals Gazelle L...,"Calçados,Calçados Femininos,Tênis,Tênis Casual","R$ 699,99","R$ 479,99","R$ 510,63",5x
Vizzano,Marrom,Dafiti,Scarpin Feminino Vizzano Slingback Textu...,"Calçados,Calçados Femininos,Scarpin","R$ 169,90","R$ 89,49","R$ 95,20",1x
Santa Lolla,Preto,Dafiti,Sapatilha Feminina Santa Lolla Bico Fino...,"Calçados,Calçados Femininos,Sapatilhas,Sapatilha Bico Fino","R$ 229,90","R$ 134,99","R$ 143,61",2x
Usaflex,Cinza,Dafiti,Tênis Feminino Usaflex Knit Cinza,"Calçados,Calçados Femininos,Tênis,Tênis Casual","R$ 179,99","R$ 104,99","R$ 111,69",1x
Capodarte,Nude,Dafiti,Scarpin Feminino Capodarte Couro Nude,"Calçados,Calçados Femininos,Scarpin","R$ 509,99","R$ 364,99","R$ 388,29",5x
Arezzo,Preto,Dafiti,Sandália Feminina Arezzo Couro Salto Ana...,"Calçados,Calçados Femininos,Sandálias,Sandália Anabela","R$ 459,90","R$ 229,99","R$ 244,67",4x
Moleca,Bege,Dafiti,Tênis Feminino Moleca Cano Baixo Bege,"Calçados,Calçados Femininos,Tênis,Tênis Casual","R$ 129,99","R$ 77,99","R$ 82,97",1x
Vizzano,Marrom,Dafiti,Scarpin Feminino Vizzano Anabela Marrom,"Calçados,Calçados Femininos,Scarpin","R$ 169,90","R$ 124,99","R$ 132,97",2x
Moleca,Caramelo,Dafiti,Rasteira Feminina Moleca Tiras Finas Caramelo,"Calçados,Calçados Femininos,Rasteirinhas","R$ 139,90","R$ 99,99","R$ 106,37",1x
Vizzano,Bege,Dafiti,Scarpin Vizzano Verniz Bege,"Calçados,Calçados Femininos,Scarpin","R$ 149,90","R$ 119,99","R$ 127,65",2x
Jorge Bischoff,Marrom,Dafiti,Rasteira Feminina Jorge Bischoff Couro Marrom,"Calçados,Calçados Femininos,Rasteirinhas","R$ 549,00","R$ 269,99","R$ 287,22",4x
Santa Lolla,Prata,Dafiti,Rasteira Feminina Santa Lolla Metalizada Prata,"Calçados,Calçados Femininos,Rasteirinhas","R$ 129,90","R$ 79,99","R$ 85,10",1x
Vizzano,Preto,Dafiti,Sandália Feminina Vizzano Tiras Pedraria Preta,"Calçados,Calçados Femininos,Sandálias,Sandália Salto Grosso","R$ 149,99","R$ 89,99","R$ 95,73",1x
Jorge Bischoff,Preto,Dafiti,Sapatilha Feminina Jorge Bischoff Croco ...,"Calçados,Calçados Femininos,Sapatilhas,Sapatilha Bico Fino","R$ 549,00","R$ 229,99","R$ 244,67",4x
Usaflex,Off-white,Dafiti,Tênis Feminino Usaflex Cano Baixo Couro Off-White,"Calçados,Calçados Femininos,Tênis,Tênis Casual","R$ 379,99","R$ 234,99","R$ 249,99",4x
Via Marte,Marrom,Dafiti,Rasteira Feminina Via Marte Tira Pedrarias Marrom,"Calçados,Calçados Femininos,Rasteirinhas","R$ 139,99","R$ 87,99","R$ 93,61",1x
Vizzano,Off-white,Dafiti,Tênis Feminino Vizzano Cano Baixo Off-white,"Calçados,Calçados Femininos,Tênis,Tênis Casual","R$ 189,90","R$ 144,99","R$ 154,24",2x
Dakota,Branco,Dafiti,Tênis Dakota com Cadarço Branco,"Calçados,Calçados Femininos,Tênis,Tênis Casual","R$ 299,99","R$ 199,99","R$ 212,76",3x
Puma,Prata,Dafiti,Tênis Feminino Puma Speedcat Ballet Suede Prata,"Calçados,Calçados Femininos,Tênis,Tênis Casual","R$ 599,99","R$ 563,99","R$ 599,99",5x
Santa Lolla,Preto,Dafiti,Sapatilha Santa Lolla Corrente Preta,"Calçados,Calçados Femininos,Sapatilhas,Sapatilha Bico Fino","R$ 149,90","R$ 114,99","R$ 122,33",2x
Moleca,Caramelo,Dafiti,Rasteira Feminina Moleca Apliques Caramelo,"Calçados,Calçados Femininos,Rasteirinhas","R$ 109,90","R$ 74,99","R$ 79,78",1x
Modare,Bege,Dafiti,Sandália Feminina Modare Salto Alto Bege,"Calçados,Calçados Femininos,Sandálias,Sandália Salto Grosso","R$ 189,90","R$ 129,99","R$ 138,29",2x
Santa Lolla,Bege,Dafiti,Tênis Feminino Santa Lolla Cano Baixo Bege,"Calçados,Calçados Femininos,Tênis,Tênis Casual","R$ 249,90","R$ 169,99","R$ 180,84",3x
Jorge Bischoff,Nude,Dafiti,Scarpin Feminino Jorge Bischoff Couro Nude,"Calçados,Calçados Femininos,Scarpin","R$ 549,00","R$ 239,99","R$ 255,31",4x
Modare,Verde,Dafiti,Tênis Feminino Modare Cano Baixo Verde,"Calçados,Calçados Femininos,Tênis,Tênis Casual","R$ 159,90","R$ 119,99","R$ 127,65",2x
Anacapri,Branco,Dafiti,Tênis ANACAPRI Recorte Branco,"Calçados,Calçados Femininos,Tênis,Tênis Casual","R$ 229,90","R$ 173,99","R$ 185,10",3x
Bebecê,Caramelo,Dafiti,Sandália Feminina Bebecê Salto Bloco Tex...,"Calçados,Calçados Femininos,Sandálias,Sandália Salto Grosso","R$ 99,99","R$ 74,99","R$ 79,78",1x
Arezzo,Dourado,Dafiti,Sandália Feminina Arezzo Salto Médio Taç...,"Calçados,Calçados Femininos,Sandálias","R$ 299,90","R$ 281,90","R$ 299,89",5x
Arezzo,Nude,Dafiti,Mocassim Feminino Arezzo Detalhe Metal Nude,"Calçados,Calçados Femininos,Mocassim","R$ 299,90","R$ 281,90","R$ 299,89",5x
VIA UNO,Caramelo,Dafiti,Tênis Feminino VIA UNO Sola Alta Caramelo,"Calçados,Calçados Femininos,Tênis,Tênis Casual","R$ 199,99","R$ 134,99","R$ 143,61",2x
Santa Lolla,Preto,Dafiti,Sandália Feminina Santa Lolla Salto Quad...,"Calçados,Calçados Femininos,Sandálias,Sandália Salto Grosso","R$ 229,90","R$ 154,99","R$ 164,88",2x
Anacapri,Caramelo,Dafiti,Rasteira Feminina ANACAPRI Tiras Cruzada...,"Calçados,Calçados Femininos,Rasteirinhas","R$ 159,90","R$ 124,99","R$ 132,97",2x
Bottero,Marrom,Dafiti,Sandália Feminina Bottero Salto Bloco Marrom,"Calçados,Calçados Femininos,Sandálias,Sandália Salto Grosso","R$ 289,99","R$ 164,99","R$ 175,52",2x
Santa Lolla,Marrom,Dafiti,Sandália Feminina Santa Lolla Salto Médi...,"Calçados,Calçados Femininos,Sandálias,Sandália Salto Grosso","R$ 199,90","R$ 154,99","R$ 164,88",2x
Dakota,Preto,Dafiti,Tênis Feminino Dakota Zíper Lateral Preto,"Calçados,Calçados Femininos,Tênis,Tênis Casual","R$ 299,99","R$ 219,99","R$ 234,03",3x
Bebecê,Marrom,Dafiti,Scarpin Slingback Feminino Bebecê Salto ...,"Calçados,Calçados Femininos,Scarpin","R$ 169,99","R$ 114,99","R$ 122,33",2x
Beira Rio,Preto,Dafiti,Sandália Feminina Beira Rio Salto Bloco Preto,"Calçados,Calçados Femininos,Sandálias","R$ 99,90","R$ 54,99","R$ 58,50",1x
Melissa,Marrom,Dafiti,Sandália Feminina Melissa Plataforma Ani...,"Calçados,Calçados Femininos,Sandálias","R$ 349,90","R$ 328,90","R$ 349,89",5x
Modare,Marrom,Dafiti,Tênis Feminino Modare Detalhe Recortes Marrom,"Calçados,Calçados Femininos,Tênis,Tênis Casual","R$ 219,90","R$ 124,99","R$ 132,97",2x
Santa Lolla,Preto,Dafiti,Sandália Feminina Santa Lolla Salto Médio Preta,"Calçados,Calçados Femininos,Sandálias,Sandália Salto Grosso","R$ 189,90","R$ 129,99","R$ 138,29",2x
Vizzano,Preto,Dafiti,Sapatilha Feminina Vizzano Textura Croco Preta,"Calçados,Calçados Femininos,Sapatilhas,Sapatilha Bico Fino","R$ 139,99","R$ 84,99","R$ 90,41",1x
Capodarte,Marrom,Dafiti,Bota Feminina Capodarte Cano Alto Couro Marrom,"Calçados,Calçados Femininos,Botas,Bota Montaria e Cano Longo","R$ 1.029,99","R$ 659,99","R$ 702,12",5x
Moleca,Preto,Dafiti,Tênis Slip On Moleca Liso Preto,"Calçados,Calçados Femininos,Tênis,Tênis Casual","R$ 99,90","R$ 71,99","R$ 76,59",1x
Santa Lolla,Bege,Dafiti,Scarpin Santa Lolla Slingback Couro Onça Bege,"Calçados,Calçados Femininos,Scarpin","R$ 329,90","R$ 209,99","R$ 223,39",3x
Santa Lolla,Vermelho,Dafiti,Sapatilha Feminina Santa Lolla Bico Fino Vinho,"Calçados,Calçados Femininos,Sapatilhas,Sapatilha Bico Fino","R$ 249,90","R$ 184,99","R$ 196,80",3x
Santa Lolla,Preto,Dafiti,Sandália Feminina Santa Lolla Salto Fino Preta,"Calçados,Calçados Femininos,Sandálias,Sandália Salto Fino","R$ 299,90","R$ 229,99","R$ 244,67",4x
Vizzano,Branco,Dafiti,Sandália Feminina Vizzano Salto Alto Tir...,"Calçados,Calçados Femininos,Sandálias,Sandália Salto Fino","R$ 179,90","R$ 119,99","R$ 127,65",2x
Vizzano,Marrom,Dafiti,Scarpin Feminino Vizzano Salto Fino Slin...,"Calçados,Calçados Femininos,Scarpin","R$ 179,99","R$ 94,99","R$ 101,05",1x
Santa Lolla,Marrom,Dafiti,Sapatilha Feminina Santa Lolla Bico Fino...,"Calçados,Calçados Femininos,Sapatilhas,Sapatilha Bico Fino","R$ 269,90","R$ 199,99","R$ 212,76",3x
Fila,Verde,Dafiti,Tênis Fila Recovery Verde,"Calçados,Calçados Femininos,Tênis,Tênis Casual","R$ 399,99","R$ 299,99","R$ 319,14",5x
Melissa,Preto,Dafiti,Sandália Feminina Melissa Tiras Entrelaç...,"Calçados,Calçados Femininos,Sandálias,Sandália Salto Grosso","R$ 299,90","R$ 281,90","R$ 299,89",5x
Santa Lolla,Branco,Dafiti,Tênis Feminino Santa Lolla Cano Baixo Branco,"Calçados,Calçados Femininos,Tênis,Tênis Casual","R$ 169,90","R$ 139,99","R$ 148,93",2x
Anacapri,Bordô,Dafiti,Sapatilha Feminino ANACAPRI Bico Fino Bordô,"Calçados,Calçados Femininos,Sapatilhas,Sapatilha Bico Fino","R$ 179,90","R$ 169,11","R$ 169,11",2x
Beira Rio,Preto,Dafiti,Sandália Feminina Beira Rio Salto Alto Preta,"Calçados,Calçados Femininos,Sandálias,Sandália Salto Fino","R$ 149,90","R$ 99,99","R$ 106,37",1x
Vizzano,Marrom,Dafiti,Scarpin Feminino Vizzano Slingback Salto...,"Calçados,Calçados Femininos,Scarpin","R$ 159,90","R$ 109,99","R$ 117,01",1x
Bottero,Preto,Dafiti,Bota Feminina Bottero Couro Cano Baixo Preta,"Calçados,Calçados Femininos,Botas,Bota Cano Curto","R$ 549,99","R$ 319,99","R$ 340,41",5x
Modare,Marrom,Dafiti,Sapatilha Feminina Modare Bico Redondo Marrom,"Calçados,Calçados Femininos,Sapatilhas,Sapatilha Bico Fino","R$ 119,90","R$ 64,99","R$ 69,14",1x
Via Marte,Marrom,Dafiti,Rasteira Feminina Via Marte Tachas Marrom,"Calçados,Calçados Femininos,Rasteirinhas","R$ 139,99","R$ 79,99","R$ 85,10",1x
Kolosh,Bege,Dafiti,Slip On Kolosh Laserut Bege,"Calçados,Calçados Femininos,Tênis","R$ 159,99","R$ 139,99","R$ 148,93",2x
Usaflex,Marrom,Dafiti,Tênis Feminino Usaflex Cano Baixo Marrom,"Calçados,Calçados Femininos,Tênis,Tênis Casual","R$ 349,99","R$ 194,99","R$ 207,44",3x
Usaflex,Marrom,Dafiti,Sapatilha Feminina Usaflex Detalhe Metal Marrom,"Calçados,Calçados Femininos,Sapatilhas,Sapatilha Bico Redondo","R$ 359,99","R$ 154,99","R$ 164,88",2x
Arezzo,Vinho,Dafiti,Bota Feminina Arezzo Cano Baixo Salto Bloco Vinho,"Calçados,Calçados Femininos,Botas,Bota Cano Curto","R$ 599,90","R$ 379,99","R$ 404,24",5x
Bebecê,Marrom,Dafiti,Sapatilha Feminina Bebecê Croco Laço Marrom,"Calçados,Calçados Femininos,Sapatilhas,Sapatilha Bico Fino","R$ 89,99","R$ 47,99","R$ 51,05",1x
Santa Lolla,Preto,Dafiti,Tamanco Anabela Feminino Santa Lolla Thong Preto,"Calçados,Calçados Femininos,Tamanco","R$ 269,90","R$ 199,99","R$ 212,76",3x
Vizzano,Caramelo,Dafiti,Rasteira Feminina Vizzano Fechada Tachas Caramelo,"Calçados,Calçados Femininos,Rasteirinhas","R$ 179,90","R$ 94,99","R$ 101,05",1x
Beira Rio,Marrom,Dafiti,Sapatilha Feminina Beira Rio Bico Fino Marrom,"Calçados,Calçados Femininos,Sapatilhas,Sapatilha Bico Fino","R$ 99,90","R$ 54,99","R$ 58,50",1x
New Balance,Cinza,Dafiti,Tênis Unissex New Balance 2000 Abzorb Cinza,"Calçados,Calçados Femininos,Tênis,Tênis Casual,Calçados Masculinos,Tênis,Tênis Casual","R$ 1.299,99","R$ 1.221,98","R$ 1.299,98",5x
Ramarim,Vinho,Dafiti,Tênis Feminino Ramarim Casual Vinho,"Calçados,Calçados Femininos,Tênis,Tênis Casual","R$ 239,90","R$ 94,99","R$ 101,05",1x
Arezzo,Marrom,Dafiti,Scarpin Feminino Arezzo Couro Bico Fino ...,"Calçados,Calçados Femininos,Scarpin","R$ 359,90","R$ 338,30","R$ 359,89",5x
Jorge Bischoff,Caramelo,Dafiti,Sandália Feminina Jorge Bischoff Salto B...,"Calçados,Calçados Femininos,Sandálias,Sandália Salto Grosso","R$ 549,00","R$ 304,99","R$ 324,46",5x
adidas Originals,Bege,Dafiti,Tênis Feminino adidas Originals Handball...,"Calçados,Calçados Femininos,Tênis,Tênis Casual","R$ 899,99","R$ 619,99","R$ 659,56",5x
Anacapri,Vermelho,Dafiti,Tênis Anacapri Texturizada Vermelho,"Calçados,Calçados Femininos,Tênis,Tênis Casual","R$ 229,99","R$ 139,99","R$ 148,93",2x
Luiza Barcelos,Marrom,Dafiti,Scarpin Luiza Barcelos Couro Bico Fino Marrom,"Calçados,Calçados Femininos,Scarpin","R$ 759,90","R$ 379,99","R$ 404,24",5x
Bebecê,Bege,Dafiti,Sandália Feminina Bebecê Salto Bloco Met...,"Calçados,Calçados Femininos,Sandálias,Sandália Salto Grosso","R$ 169,99","R$ 139,99","R$ 148,93",2x
Moleca,Bege,Dafiti,Sapatilha Moleca Perfuros Bege,"Calçados,Calçados Femininos,Sapatilhas,Sapatilha Bico Redondo","R$ 59,90","R$ 35,99","R$ 38,29",1x
Puma,Azul Marinho,Dafiti,Tênis Feminino Puma Speedcat Ballet Venu...,"Calçados,Calçados Femininos,Tênis,Tênis Casual","R$ 599,99","R$ 563,99","R$ 599,99",5x
Via Marte,Preto,Dafiti,Bota Feminina Via Marte Cano Médio Preta,"Calçados,Calçados Femininos,Botas,Bota Cano Médio","R$ 379,99","R$ 204,99","R$ 218,07",3x
Santa Lolla,Rosa,Dafiti,Rasteira Santa Lolla Apliques Rosa,"Calçados,Calçados Femininos,Rasteirinhas","R$ 129,90","R$ 89,99","R$ 95,73",1x
Modare,Nude,Dafiti,Tênis Feminino Modare Texturizado Nude,"Calçados,Calçados Femininos,Tênis,Tênis Casual","R$ 199,90","R$ 139,99","R$ 148,93",2x
Santa Lolla,Bege,Dafiti,Rasteira Feminina Santa Lolla Tiras Cruzadas Bege,"Calçados,Calçados Femininos,Rasteirinhas","R$ 139,90","R$ 69,99","R$ 74,46",1x
Santa Lolla,Marrom,Dafiti,Scarpin Feminino Santa Lolla Slingback C...,"Calçados,Calçados Femininos,Scarpin","R$ 349,90","R$ 239,99","R$ 255,31",4x
Santa Lolla,Off-white,Dafiti,Rasteira Feminina Santa Lolla Detalhe Me...,"Calçados,Calçados Femininos,Rasteirinhas","R$ 139,90","R$ 95,99","R$ 102,12",1x
Dakota,Preto,Dafiti,Bota Feminina Dakota Cano Baixo Matelassê Preto,"Calçados,Calçados Femininos,Botas,Bota Cano Curto","R$ 219,99","R$ 139,99","R$ 148,93",2x
Vizzano,Marrom,Dafiti,Scarpin Feminino Vizzano Tiras Ajustáveis Marrom,"Calçados,Calçados Femininos,Scarpin","R$ 169,99","R$ 99,99","R$ 106,37",1x
Beira Rio,Nude,Dafiti,Sandália Feminina Beira Rio Salto Bloco Nude,"Calçados,Calçados Femininos,Sandálias,Sandália Salto Grosso","R$ 139,99","R$ 74,99","R$ 79,78",1x
Bottero,Marrom,Dafiti,Tênis Feminino Bottero Couro Marrom,"Calçados,Calçados Femininos,Tênis,Tênis Casual","R$ 299,99","R$ 214,99","R$ 228,71",3x
adidas Originals,Branco,Dafiti,Tênis Unissex adidas Originals Forum Low...,"Calçados,Calçados Femininos,Tênis,Tênis Casual,Calçados Masculinos,Tênis,Tênis Casual","R$ 899,99","R$ 845,98","R$ 899,98",5x
Bebecê,Preto,Dafiti,Mocassim Feminino Bebecê Detalhe Metal Preto,"Calçados,Calçados Femininos,Mocassim","R$ 99,99","R$ 64,99","R$ 69,14",1x
Anacapri,Rosa,Dafiti,Tênis Feminino ANACAPRI Com Cadarço Rosa,"Calçados,Calçados Femininos,Tênis,Tênis Casual","R$ 199,90","R$ 159,99","R$ 170,20",2x
VIA UNO,Caramelo,Dafiti,Sandália Feminina VIA UNO Salto Anabela Caramelo,"Calçados,Calçados Femininos,Sandálias,Sandália Anabela","R$ 149,99","R$ 84,99","R$ 90,41",1x
Vizzano,Marrom,Dafiti,Scarpin Vizzano Lezard Salto Alto Marrom,"Calçados,Calçados Femininos,Scarpin","R$ 179,90","R$ 104,99","R$ 111,69",1x
Vizzano,Nude,Dafiti,Tênis Vizzano Recorte Camurça Nude,"Calçados,Calçados Femininos,Tênis,Tênis Casual","R$ 219,90","R$ 149,99","R$ 159,56",2x
Moleca,Marrom,Dafiti,Sapatilha Moleca Recortes Geométricos Marrom,"Calçados,Calçados Femininos,Sapatilhas,Sapatilha Bico Redondo","R$ 79,90","R$ 49,99","R$ 53,18",1x
Vizzano,Marrom,Dafiti,Sandália Feminina Vizzano Salto Anabela Marrom,"Calçados,Calçados Femininos,Sandálias,Sandália Anabela","R$ 179,99","R$ 114,99","R$ 122,33",2x
Santa Lolla,Preto,Dafiti,Sandália Feminina Santa Lolla Tiras Finas Preta,"Calçados,Calçados Femininos,Rasteirinhas","R$ 189,90","R$ 129,99","R$ 138,29",2x
Santa Lolla,Marrom,Dafiti,Scarpin Santa Lolla Bico Fino Salto Médio Marrom,"Calçados,Calçados Femininos,Scarpin","R$ 229,90","R$ 149,99","R$ 159,56",2x
Santa Lolla,Off-white,Dafiti,Tênis Feminino Santa Lolla Detalhe Metal...,"Calçados,Calçados Femininos,Tênis,Tênis Casual","R$ 199,90","R$ 154,99","R$ 164,88",2x
Jorge Bischoff,Marrom,Dafiti,Tênis Masculino Jorge Bischoff Cano Baixo Marrom,"Calçados,Calçados Femininos,Tênis,Tênis Casual","R$ 699,00","R$ 289,99","R$ 308,50",5x
Vizzano,Dourado,Dafiti,Sandália Feminina Vizzano Salto Baixo Dourada,"Calçados,Calçados Femininos,Sandálias,Sandália Salto Grosso","R$ 129,99","R$ 74,99","R$ 79,78",1x
Jorge Bischoff,Caramelo,Dafiti,Sandália Jorge Bischoff Salto Bloco Cour...,"Calçados,Calçados Femininos,Sandálias,Sandália Salto Grosso","R$ 589,00","R$ 249,99","R$ 265,95",4x
Vizzano,Bege,Dafiti,Sandália Feminina Vizzano Meia Pata Salt...,"Calçados,Calçados Femininos,Sandálias,Sandália Meia Pata","R$ 199,90","R$ 134,99","R$ 143,61",2x
Arezzo,Marrom,Dafiti,Clog Mule Feminino Arezzo Fivela Marrom,"Calçados,Calçados Femininos,Mocassim","R$ 439,90","R$ 413,50","R$ 439,89",5x
Beira Rio,Marrom,Dafiti,Sandália Feminina Beira Rio Salto Bloco ...,"Calçados,Calçados Femininos,Sandálias,Sandália Salto Grosso","R$ 129,90","R$ 69,99","R$ 74,46",1x
Kolosh,Preto,Dafiti,Tênis Kolosh Recortes Preto,"Calçados,Calçados Femininos,Tênis,Tênis Casual","R$ 199,99","R$ 139,99","R$ 148,93",2x
Vizzano,Preto,Dafiti,Scarpin Feminino Vizzano Salto Baixo Apl...,"Calçados,Calçados Femininos,Scarpin","R$ 189,90","R$ 104,99","R$ 111,69",1x
Bebecê,Preto,Dafiti,Scarpin Feminino Bebecê Salto Bloco Bico...,"Calçados,Calçados Femininos,Scarpin","R$ 119,99","R$ 84,99","R$ 90,41",1x
VIA UNO,Caramelo,Dafiti,Scarpin Feminino VIA UNO Salto Bloco Bic...,"Calçados,Calçados Femininos,Peep Toe","R$ 129,99","R$ 97,99","R$ 104,24",1x
Bebecê,Preto,Dafiti,Bota Feminina Bebecê Cano Alto Preta,"Calçados,Calçados Femininos,Botas,Bota Montaria e Cano Longo","R$ 289,99","R$ 154,99","R$ 164,88",2x
New Balance,Cinza,Dafiti,Tênis Unissex New Balance 1906r Cinza,"Calçados,Calçados Femininos,Tênis,Tênis Casual,Calçados Masculinos,Tênis,Tênis Casual","R$ 1.199,99","R$ 735,99","R$ 782,97",5x
Modare,Preto,Dafiti,Scarpin Modare Salto Grosso Preto,"Calçados,Calçados Femininos,Scarpin","R$ 109,99","R$ 69,99","R$ 74,46",1x
Anacapri,Bege,Dafiti,Sapatilha Feminina ANACAPRI Matelassê Bege,"Calçados,Calçados Femininos,Sapatilhas,Sapatilha Bico Fino","R$ 159,90","R$ 104,99","R$ 111,69",1x
Beira Rio,Marrom,Dafiti,Sandália Feminina Beira Rio Salto Bloco Marrom,"Calçados,Calçados Femininos,Tamanco","R$ 129,99","R$ 69,99","R$ 74,46",1x
Anacapri,Nude,Dafiti,Tênis Feminino ANACAPRI Cano Baixo Nude,"Calçados,Calçados Femininos,Tênis,Tênis Casual","R$ 199,90","R$ 139,99","R$ 148,93",2x
Capodarte,Preto,Dafiti,Bota Feminina Capodarte Couro Cano Baixo Preto,"Calçados,Calçados Femininos,Botas,Bota Cano Curto","R$ 749,99","R$ 479,99","R$ 510,63",5x
Santa Lolla,Marrom,Dafiti,Scarpin Santa Lolla Bico Fino Salto Alto Marrom,"Calçados,Calçados Femininos,Scarpin","R$ 329,90","R$ 214,99","R$ 228,71",3x
Vizzano,Verde,Dafiti,Scarpin Feminino Vizzano Slingback Bico Fino Verde,"Calçados,Calçados Femininos,Scarpin","R$ 149,99","R$ 89,99","R$ 95,73",1x
Anacapri,Bege,Dafiti,Tênis Feminino ANACAPRI Cano Baixo Bege,"Calçados,Calçados Femininos,Tênis,Tênis Casual","R$ 279,90","R$ 189,99","R$ 202,12",3x
Vizzano,Bege,Dafiti,Tênis Feminino Vizzano Casual Bege,"Calçados,Calçados Femininos,Tênis,Tênis Casual","R$ 189,90","R$ 114,99","R$ 122,33",2x
Via Marte,Branco,Dafiti,Tênis Feminino Via Marte Chunky Branco,"Calçados,Calçados Femininos,Tênis,Tênis Casual","R$ 339,99","R$ 249,99","R$ 265,95",4x
Arezzo,Preto,Dafiti,Bota Feminina Arezzo Cano Alto Couro Preta,"Calçados,Calçados Femininos,Botas,Bota Montaria e Cano Longo","R$ 899,90","R$ 689,99","R$ 734,03",5x
Jorge Bischoff,Caramelo,Dafiti,Bota Feminina Jorge Bischoff Cano Baixo Caramelo,"Calçados,Calçados Femininos,Botas,Bota Cano Curto","R$ 749,00","R$ 289,99","R$ 308,50",5x
Asics,Branco,Dafiti,Tênis Asics Japan S Branco,"Calçados,Calçados Femininos,Tênis,Tênis Casual","R$ 399,99","R$ 284,99","R$ 303,18",5x
Ramarim,Preto,Dafiti,Tênis Feminino Ramarim Detalhe Contrastante Preto,"Calçados,Calçados Femininos,Tênis,Tênis Casual","R$ 269,90","R$ 159,99","R$ 170,20",2x
Vizzano,Marrom,Dafiti,Sandália Feminina Vizzano Tiras Salto Mé...,"Calçados,Calçados Femininos,Sandálias","R$ 159,90","R$ 84,99","R$ 90,41",1x
Melissa,Off-white,Dafiti,Sandália Feminina Melissa Tiras Cruzadas...,"Calçados,Calçados Femininos,Tamanco","R$ 249,90","R$ 234,90","R$ 249,89",4x
Santa Lolla,Preto,Dafiti,Scarpin Feminino Santa Lolla Slingback Preto,"Calçados,Calçados Femininos,Scarpin","R$ 199,99","R$ 139,99","R$ 148,93",2x
Jorge Bischoff,Preto,Dafiti,Sandália Feminina Jorge Bischoff Couro Preta,"Calçados,Calçados Femininos,Rasteirinhas","R$ 499,00","R$ 309,99","R$ 329,78",5x
Vizzano,Preto,Dafiti,Scarpin Feminino Vizzano Salto Médio Preto,"Calçados,Calçados Femininos,Scarpin","R$ 159,90","R$ 124,99","R$ 132,97",2x
Vizzano,Marrom,Dafiti,Sandália Feminina Vizzano Salto Bloco Marrom,"Calçados,Calçados Femininos,Sandálias,Sandália Salto Grosso","R$ 169,99","R$ 94,99","R$ 101,05",1x
Moleca,Marrom,Dafiti,Sapatilha Feminina Moleca Detalhe Metálico Marrom,"Calçados,Calçados Femininos,Sapatilhas,Sapatilha Bico Redondo","R$ 69,90","R$ 49,99","R$ 53,18",1x
Vans,Off-white,Dafiti,Tênis Feminino Vans Ua Hylane Off-White,"Calçados,Calçados Femininos,Tênis,Tênis Casual","R$ 699,99","R$ 399,99","R$ 425,52",5x
Bottero,Marrom,Dafiti,Sandália Feminina Bottero Salto Bloco Bi...,"Calçados,Calçados Femininos,Sandálias,Sandália Salto Grosso","R$ 249,99","R$ 164,99","R$ 175,52",2x
Vizzano,Off-white,Dafiti,Rasteira Flat Vizzano Aplicação Off-White,"Calçados,Calçados Femininos,Rasteirinhas","R$ 129,90","R$ 59,99","R$ 63,82",1x
Bebecê,Caramelo,Dafiti,Sandália Bebecê Camurça Caramelo,"Calçados,Calçados Femininos,Sandálias,Sandália Salto Grosso","R$ 99,99","R$ 74,99","R$ 79,78",1x
Santa Lolla,Marrom,Dafiti,Mocassim Feminino Santa Lolla Couro Marrom,"Calçados,Calçados Femininos,Mocassim","R$ 199,90","R$ 144,99","R$ 154,24",2x
Beira Rio,Marrom,Dafiti,Sandália Feminina Beira Rio Salto Baixo Marrom,"Calçados,Calçados Femininos,Sandálias,Sandália Salto Grosso","R$ 139,90","R$ 74,99","R$ 79,78",1x
Vizzano,Branco,Dafiti,Tênis Feminino Vizzano Cano Baixo Branco,"Calçados,Calçados Femininos,Tênis,Tênis Casual","R$ 239,90","R$ 154,99","R$ 164,88",2x
Comfortflex,Bege,Dafiti,Tênis Comfortflex Casual Cadarço Bege,"Calçados,Calçados Femininos,Tênis,Tênis Casual","R$ 239,90","R$ 139,99","R$ 148,93",2x
Moleca,Bege,Dafiti,Tênis Feminino Moleca Cano Baixo Bege,"Calçados,Calçados Femininos,Tênis,Tênis Casual","R$ 179,99","R$ 118,99","R$ 126,59",2x
Moleca,Marrom,Dafiti,Rasteira Feminina Moleca Detalhe Esferas Marrom,"Calçados,Calçados Femininos,Rasteirinhas","R$ 119,90","R$ 81,99","R$ 87,22",1x
Modare,Marrom,Dafiti,Sandália Feminina Modare Salto Alto Marrom,"Calçados,Calçados Femininos,Sandálias,Sandália Salto Grosso","R$ 189,90","R$ 134,99","R$ 143,61",2x
Jorge Bischoff,Preto,Dafiti,Sapatilha Jorge Bischoff Tira com detalh...,"Calçados,Calçados Femininos,Sapatilhas,Sapatilha Bico Redondo","R$ 499,00","R$ 174,99","R$ 186,16",3x
Jorge Bischoff,Marrom,Dafiti,Sapatilha Feminina Jorge Bischoff Strass Marrom,"Calçados,Calçados Femininos,Sapatilhas,Sapatilha Bico Fino","R$ 499,00","R$ 249,99","R$ 265,95",4x
VIA UNO,Vinho,Dafiti,Scarpin Feminino VIA UNO Salto Médio Bic...,"Calçados,Calçados Femininos,Scarpin","R$ 159,99","R$ 119,99","R$ 127,65",2x
Beira Rio,Preto,Dafiti,Sandália Feminina Beira Rio Salto Bloco Preta,"Calçados,Calçados Femininos,Tamanco","R$ 169,99","R$ 94,99","R$ 101,05",1x
Vizzano,Preto,Dafiti,Sandália Vizzano Aplicação Preta,"Calçados,Calçados Femininos,Sandálias,Sandália Salto Grosso","R$ 129,99","R$ 86,99","R$ 92,54",1x
Beira Rio,Nude,Dafiti,Scarpin Beira Rio Boneca Nude,"Calçados,Calçados Femininos,Scarpin","R$ 139,90","R$ 89,99","R$ 95,73",1x
Dakota,Marrom,Dafiti,Bota Feminina Dakota Cano Baixo Matelassê Marrom,"Calçados,Calçados Femininos,Botas,Bota Cano Curto","R$ 219,99","R$ 144,99","R$ 154,24",2x
Moleca,Marrom,Dafiti,Sapatilha Feminina Moleca Laço Marrom,"Calçados,Calçados Femininos,Sapatilhas,Sapatilha Bico Fino","R$ 109,99","R$ 49,99","R$ 53,18",1x
Jorge Bischoff,Preto,Dafiti,Mule Jorge Bischoff  de Couro Aplicação Preto,"Calçados,Calçados Femininos,Mocassim","R$ 299,00","R$ 169,99","R$ 180,84",3x
Luiza Barcelos,Marrom,Dafiti,Rasteira Feminina Luiza Barcelos Tachas Marrom,"Calçados,Calçados Femininos,Rasteirinhas","R$ 799,90","R$ 429,99","R$ 457,44",5x
Anacapri,Dourado,Dafiti,Rasteira Feminina Anacapri Metalizada Dourada,"Calçados,Calçados Femininos,Rasteirinhas","R$ 149,99","R$ 84,99","R$ 90,41",1x
Moleca,Off-white,Dafiti,Sapatilha Moleca Microfuro Off-White,"Calçados,Calçados Femininos,Sapatilhas,Sapatilha Bico Redondo","R$ 59,90","R$ 35,99","R$ 38,29",1x
Vizzano,Off-white,Dafiti,Sandália Feminina Vizzano Salto Bloco Off-White,"Calçados,Calçados Femininos,Sandálias,Sandália Salto Grosso","R$ 179,90","R$ 129,99","R$ 138,29",2x
Vizzano,Preto,Dafiti,Sandália Feminina Vizzano Animal Print O...,"Calçados,Calçados Femininos,Sandálias","R$ 159,90","R$ 84,99","R$ 90,41",1x
adidas Originals,Bege,Dafiti,Tênis Feminino adidas Originals SL 72 OG...,"Calçados,Calçados Femininos,Tênis,Tênis Casual","R$ 699,99","R$ 657,98","R$ 699,98",5x
Kolosh,Cinza,Dafiti,Tênis Feminino Kolosh Texturizado Cinza,"Calçados,Calçados Femininos,Tênis,Tênis Casual","R$ 229,99","R$ 148,99","R$ 158,50",2x
Arezzo,Preto,Dafiti,Sandália Baixa Arezzo Plataforma Preta,"Calçados,Calçados Femininos,Sandálias","R$ 259,99","R$ 244,39","R$ 259,99",4x
Santa Lolla,Preto,Dafiti,Scarpin Feminino Santa Lolla Trama Slingback Preta,"Calçados,Calçados Femininos,Scarpin","R$ 349,90","R$ 219,99","R$ 234,03",3x
VIA UNO,Preto,Dafiti,Rasteira Feminina Via Uno Tiras Pedrarias Preta,"Calçados,Calçados Femininos,Rasteirinhas","R$ 99,99","R$ 62,99","R$ 67,01",1x
Santa Lolla,Marrom,Dafiti,Scarpin Feminino Santa Lolla Slingback C...,"Calçados,Calçados Femininos,Scarpin","R$ 249,99","R$ 169,99","R$ 180,84",3x
Modare,Marrom,Dafiti,Mocassim Feminino Modare Detalhe Metal Marrom,"Calçados,Calçados Femininos,Mocassim","R$ 149,90","R$ 84,99","R$ 90,41",1x
Moleca,Preto,Dafiti,Sandália Clog  Moleca Plataforma Preta,"Calçados,Calçados Femininos,Sandálias,Sandália Salto Grosso","R$ 139,99","R$ 59,99","R$ 63,82",1x
Modare,Bege,Dafiti,Scarpin Feminino Modare Salto Anabela Bege,"Calçados,Calçados Femininos,Scarpin","R$ 109,90","R$ 79,99","R$ 85,10",1x
Fila,Vinho,Dafiti,Tênis Feminino Fila Spry Vinho,"Calçados,Calçados Femininos,Tênis,Tênis Casual","R$ 329,99","R$ 269,99","R$ 287,22",4x
Beira Rio,Caramelo,Dafiti,Scarpin Feminino Beira Rio Slingback Tex...,"Calçados,Calçados Femininos,Scarpin","R$ 129,90","R$ 79,99","R$ 85,10",1x
VIA UNO,Caramelo,Dafiti,Bota Feminina VIA UNO Cano Curto Salto Q...,"Calçados,Calçados Femininos,Botas,Bota Cano Curto","R$ 179,99","R$ 119,99","R$ 127,65",2x
Anacapri,Preto,Dafiti,Scarpin Feminino ANACAPRI Salto Médio Ti...,"Calçados,Calçados Femininos,Scarpin","R$ 269,90","R$ 209,99","R$ 223,39",3x
Moleca,Off-white,Dafiti,Sapatilha Feminina Moleca Laço Texturiza...,"Calçados,Calçados Femininos,Sapatilhas,Sapatilha Bico Fino","R$ 89,90","R$ 49,99","R$ 53,18",1x
Moleca,Preto,Dafiti,Bota Feminina Moleca Cano Baixo Preta,"Calçados,Calçados Femininos,Botas,Bota Cano Curto","R$ 219,90","R$ 104,99","R$ 111,69",1x
VIA UNO,Branco,Dafiti,Sandália Feminina VIA UNO Salto Bloco Branca,"Calçados,Calçados Femininos,Sandálias,Sandália Salto Grosso","R$ 119,99","R$ 79,99","R$ 85,10",1x
Anacapri,Preto,Dafiti,Tênis Feminino ANACAPRI Cano Baixo Preto,"Calçados,Calçados Femininos,Tênis,Tênis Casual","R$ 199,90","R$ 156,99","R$ 167,01",2x
Bebecê,Nude,Dafiti,Sapatilha Bebecê Lisa Nude,"Calçados,Calçados Femininos,Sapatilhas,Sapatilha Bico Fino","R$ 89,99","R$ 69,99","R$ 74,46",1x
Santa Lolla,Caramelo,Dafiti,Sandália Santa Lolla Tiras Caramelo,"Calçados,Calçados Femininos,Sandálias,Sandália Salto Fino","R$ 249,90","R$ 194,99","R$ 207,44",3x
Bebecê,Marrom,Dafiti,Scarpin Feminino Bebecê Salto Bloco Bico...,"Calçados,Calçados Femininos,Scarpin","R$ 129,99","R$ 89,99","R$ 95,73",1x
Bebecê,Bege,Dafiti,Scarpin Slingback Feminino Bebecê Bico F...,"Calçados,Calçados Femininos,Scarpin","R$ 189,90","R$ 109,99","R$ 117,01",1x
Vizzano,Marrom,Dafiti,Scarpin Slingback Vizzano Detalhe Frontal Marrom,"Calçados,Calçados Femininos,Scarpin","R$ 169,90","R$ 124,99","R$ 132,97",2x
Luiza Barcelos,Prata,Dafiti,Rasteira Feminina Luiza Barcelos Tiras M...,"Calçados,Calçados Femininos,Rasteirinhas","R$ 299,90","R$ 169,99","R$ 180,84",3x
Santa Lolla,Prata,Dafiti,Sandália Feminina Santa Lolla Tiras Apli...,"Calçados,Calçados Femininos,Tamanco","R$ 199,90","R$ 159,99","R$ 170,20",2x
VIA UNO,Marrom,Dafiti,Bota Feminina VIA UNO Cano Baixo Salto G...,"Calçados,Calçados Femininos,Botas,Bota Cano Curto","R$ 179,99","R$ 109,99","R$ 117,01",1x
Arezzo,Marrom,Dafiti,Rasteira Feminina Arezzo Couro Tiras Cru...,"Calçados,Calçados Femininos,Rasteirinhas","R$ 239,90","R$ 225,50","R$ 239,89",4x
Moleca,Preto,Dafiti,Sapatilha Feminina Moleca Bico Redondo Preta,"Calçados,Calçados Femininos,Sapatilhas,Sapatilha Bico Redondo","R$ 59,90","R$ 39,99","R$ 42,54",1x
Fila,Bege,Dafiti,Tênis Feminino Fila Float Maxxi 2 Pro Bege,"Calçados,Calçados Femininos,Tênis,Tênis Casual","R$ 999,99","R$ 647,99","R$ 689,35",5x
Arezzo,Marrom,Dafiti,Bota Feminina Arezzo Cano Médio Marrom,"Calçados,Calçados Femininos,Botas,Bota Cano Médio","R$ 799,90","R$ 509,99","R$ 542,54",5x
adidas Originals,Preto,Dafiti,Tênis Feminino adidas Originals Japan W Preto,"Calçados,Calçados Femininos,Tênis,Tênis Casual","R$ 899,99","R$ 619,99","R$ 659,56",5x
Vizzano,Preto,Dafiti,Sapatilha Feminina Vizzano Bico Arredondado Preta,"Calçados,Calçados Femininos,Sapatilhas,Sapatilha Bico Redondo","R$ 139,99","R$ 79,99","R$ 85,10",1x
Beira Rio,Marrom,Dafiti,Sandália Feminina Beira Rio Salto Grosso Marrom,"Calçados,Calçados Femininos,Sandálias,Sandália Salto Grosso","R$ 169,99","R$ 99,99","R$ 106,37",1x
Beira Rio,Off-white,Dafiti,Sapatilha Mule Feminina Beira Rio Corren...,"Calçados,Calçados Femininos,Mocassim","R$ 99,90","R$ 59,99","R$ 63,82",1x
Asics,Prata,Dafiti,Tênis Feminino Asics Hypersync Prata,"Calçados,Calçados Femininos,Tênis,Tênis Casual","R$ 799,99","R$ 751,98","R$ 799,98",5x
Vizzano,Preto,Dafiti,Scarpin Feminino Vizzano Bico Fino Preto,"Calçados,Calçados Femininos,Scarpin","R$ 159,90","R$ 104,99","R$ 111,69",1x
Santa Lolla,Preto,Dafiti,Scarpin Feminino Santa Lolla Tiras Couro Preto,"Calçados,Calçados Femininos,Scarpin","R$ 329,90","R$ 224,99","R$ 239,35",3x
Jorge Bischoff,Branco,Dafiti,Scarpin Feminino Jorge Bischoff Couro Sa...,"Calçados,Calçados Femininos,Scarpin","R$ 569,00","R$ 314,99","R$ 335,10",5x
Santa Lolla,Vinho,Dafiti,Sandália Feminina Santa Lolla Couro Vinho,"Calçados,Calçados Femininos,Sandálias,Sandália Salto Grosso","R$ 229,90","R$ 149,99","R$ 159,56",2x
Moleca,Bege,Dafiti,Tênis Slip On Moleca Animal Print Onça Bege,"Calçados,Calçados Femininos,Tênis,Tênis Casual","R$ 109,99","R$ 59,99","R$ 63,82",1x
Moleca,Marrom,Dafiti,Rasteira Feminina Moleca Tirar Largas Fi...,"Calçados,Calçados Femininos,Rasteirinhas","R$ 139,90","R$ 85,99","R$ 91,48",1x
Dakota,Dourado,Dafiti,Sandália Feminina Dakota Flores Metaliza...,"Calçados,Calçados Femininos,Sandálias,Sandália Salto Grosso","R$ 199,99","R$ 104,99","R$ 111,69",1x
Lança Perfume,Preto,Dafiti,Bota Coturno Feminino Lança Perfume Cano...,"Calçados,Calçados Femininos,Botas,Bota Cano Médio","R$ 663,00","R$ 234,99","R$ 249,99",4x
Bottero,Nude,Dafiti,Sandália Feminina Bottero Salto Médio Nude,"Calçados,Calçados Femininos,Sandálias,Sandália Salto Grosso","R$ 269,99","R$ 149,99","R$ 159,56",2x
Jorge Bischoff,Preto,Dafiti,Rasteira Feminina Jorge Bischoff Couro Preta,"Calçados,Calçados Femininos,Rasteirinhas","R$ 449,00","R$ 209,99","R$ 223,39",3x
New Balance,Azul,Dafiti,Tênis Feminino New Balance 471 Azul Claro,"Calçados,Calçados Femininos,Tênis,Tênis Casual","R$ 549,99","R$ 439,99","R$ 468,07",5x
Jorge Bischoff,Bege,Dafiti,Tênis Feminino Jorge Bischoff Couro Bege,"Calçados,Calçados Femininos,Tênis,Tênis Casual","R$ 599,00","R$ 294,99","R$ 313,82",5x
Kolosh,Preto,Dafiti,Tênis Feminino Kolosh Casual Preto,"Calçados,Calçados Femininos,Tênis,Tênis Casual","R$ 179,99","R$ 139,99","R$ 148,93",2x
Santa Lolla,Preto,Dafiti,Sandália Feminina Santa Lolla Salto Bloc...,"Calçados,Calçados Femininos,Sandálias,Sandália Salto Grosso","R$ 229,90","R$ 149,99","R$ 159,56",2x
Vizzano,Branco,Dafiti,Tênis Feminino Vizzano Suede Branco,"Calçados,Calçados Femininos,Tênis,Tênis Casual","R$ 239,90","R$ 154,99","R$ 164,88",2x
Melissa,Preto,Dafiti,Sandália Melissa Cross M-Lover Platform Preta,"Calçados,Calçados Femininos,Sandálias,Sandália Plataforma","R$ 279,90","R$ 263,10","R$ 279,89",4x
Via Marte,Marrom,Dafiti,Tênis Feminino Via Marte Cano Baixo Marrom,"Calçados,Calçados Femininos,Tênis,Tênis Casual","R$ 279,99","R$ 189,99","R$ 202,12",3x
Santa Lolla,Preto,Dafiti,Mocassim Feminino Santa Lolla Mule Couro Preto,"Calçados,Calçados Femininos,Mocassim","R$ 199,90","R$ 159,99","R$ 170,20",2x
Arezzo,Marrom,Dafiti,Tênis Feminino Arezzo Couro Marrom,"Calçados,Calçados Femininos,Tênis,Tênis Casual","R$ 479,90","R$ 451,10","R$ 479,89",5x
Beira Rio,Off-white,Dafiti,Rasteira Feminina Beira Rio Tiras Detalh...,"Calçados,Calçados Femininos,Rasteirinhas","R$ 99,90","R$ 64,99","R$ 69,14",1x
Jorge Bischoff,Marrom,Dafiti,Slingback Feminino Jorge Bischoff Croco Marrom,"Calçados,Calçados Femininos,Scarpin","R$ 599,00","R$ 229,99","R$ 244,67",4x
VIA UNO,Preto,Dafiti,Sandália Plataforma VIA UNO Croco Preta,"Calçados,Calçados Femininos,Sandálias,Sandália Plataforma","R$ 189,99","R$ 124,99","R$ 132,97",2x
Santa Lolla,Marrom,Dafiti,Sandália Santa Lolla Couro Salto Alto Marrom,"Calçados,Calçados Femininos,Tamanco","R$ 349,90","R$ 239,99","R$ 255,31",4x
VIA UNO,Dourado,Dafiti,Mocassim Feminino VIA UNO Detalhe Fivela Dourado,"Calçados,Calçados Femininos,Mocassim","R$ 99,99","R$ 69,99","R$ 74,46",1x
Vizzano,Marrom,Dafiti,Sandália Feminina Vizzano Plataforma Tra...,"Calçados,Calçados Femininos,Tamanco","R$ 179,90","R$ 134,99","R$ 143,61",2x
Kolosh,Marrom,Dafiti,Tênis Kolosh Camurça Marrom,"Calçados,Calçados Femininos,Tênis,Tênis Casual","R$ 239,99","R$ 179,99","R$ 191,48",3x
Modare,Marrom,Dafiti,Mocassim Tratorado Modare Aplicação Meta...,"Calçados,Calçados Femininos,Mocassim","R$ 149,99","R$ 83,99","R$ 89,35",1x
Kolosh,Bege,Dafiti,Tênis Kolosh Recortes Bege,"Calçados,Calçados Femininos,Tênis,Tênis Casual","R$ 189,99","R$ 154,99","R$ 164,88",2x
Arezzo,Nude,Dafiti,Rasteira Feminina Arezzo Tiras Trançadas Nude,"Calçados,Calçados Femininos,Rasteirinhas","R$ 179,90","R$ 169,10","R$ 179,89",3x
Santa Lolla,Preto,Dafiti,Rasteira Feminina Santa Lolla Tiras Entr...,"Calçados,Calçados Femininos,Rasteirinhas","R$ 269,90","R$ 199,99","R$ 212,76",3x
Moleca,Bege,Dafiti,Tênis Feminino Moleca Cano Médio Bege,"Calçados,Calçados Femininos,Tênis,Tênis Casual","R$ 179,90","R$ 124,99","R$ 132,97",2x
Santa Lolla,Preto,Dafiti,Rasteira Feminina Santa Lolla Pedraria Preta,"Calçados,Calçados Femininos,Rasteirinhas","R$ 149,90","R$ 74,99","R$ 79,78",1x
Vizzano,Off-white,Dafiti,Sandália Feminina Vizzano Salto Bloco Off-White,"Calçados,Calçados Femininos,Sandálias,Sandália Salto Grosso","R$ 169,99","R$ 94,99","R$ 101,05",1x
Vizzano,Off-white,Dafiti,Tênis Feminino Vizzano Casual Off-White,"Calçados,Calçados Femininos,Tênis,Tênis Casual","R$ 169,90","R$ 99,99","R$ 106,37",1x
Usaflex,Bordô,Dafiti,Tênis Feminino Usaflex Slip On Têxtil Bordô,"Calçados,Calçados Femininos,Tênis,Tênis Casual","R$ 179,99","R$ 109,99","R$ 117,01",1x
Beira Rio,Off-white,Dafiti,Rasteira Feminina Beira Rio Tiras Off-White,"Calçados,Calçados Femininos,Rasteirinhas","R$ 119,99","R$ 64,99","R$ 69,14",1x
Moleca,Caramelo,Dafiti,Rasteira Feminina Moleca Bico Quadrado Caramelo,"Calçados,Calçados Femininos,Rasteirinhas","R$ 79,90","R$ 42,99","R$ 45,73",1x
Anacapri,Dourado,Dafiti,Sapatilha Anacapri Metalizada Dourada,"Calçados,Calçados Femininos,Sapatilhas,Sapatilha Bico Fino","R$ 179,99","R$ 169,19","R$ 179,99",3x
Vizzano,Preto,Dafiti,Bota Feminina Vizzano Cano Curto Salto Alto Preta,"Calçados,Calçados Femininos,Botas,Bota Cano Curto","R$ 269,90","R$ 154,99","R$ 164,88",2x
Vizzano,Branco,Dafiti,Tênis Feminino Vizzano Casual Chunky Branco,"Calçados,Calçados Femininos,Tênis,Tênis Casual","R$ 239,90","R$ 149,99","R$ 159,56",2x
Vizzano,Bege,Dafiti,Tênis Feminino Vizzano Animal Print Bege,"Calçados,Calçados Femininos,Tênis,Tênis Casual","R$ 219,90","R$ 149,99","R$ 159,56",2x
Santa Lolla,Nude,Dafiti,Scarpin Feminino Santa Lolla Médio Nude,"Calçados,Calçados Femininos,Scarpin","R$ 199,90","R$ 109,99","R$ 117,01",1x
Colcci,Preto,Dafiti,Tênis Feminino Colcci Casual Preto,"Calçados,Calçados Femininos,Tênis,Tênis Casual","R$ 279,99","R$ 124,99","R$ 132,97",2x
Beira Rio,Marrom,Dafiti,Sandália Feminina Beira Rio Salto Bloco Marrom,"Calçados,Calçados Femininos,Sandálias","R$ 139,90","R$ 79,99","R$ 85,10",1x
Moleca,Café,Dafiti,Sapatilha Feminina Moleca Ponta Fina Café,"Calçados,Calçados Femininos,Sapatilhas,Sapatilha Bico Fino","R$ 79,90","R$ 44,99","R$ 47,86",1x
Anacapri,Bege,Dafiti,Mocassim Feminino Anacapri Tramado Bege,"Calçados,Calçados Femininos,Mocassim","R$ 259,90","R$ 139,99","R$ 148,93",2x
Kolosh,Vermelho,Dafiti,Tênis Feminino Kolosh Cadarço Vermelho,"Calçados,Calçados Femininos,Tênis,Tênis Casual","R$ 189,99","R$ 154,99","R$ 164,88",2x
Bottero,Branco,Dafiti,Sandália Feminina Bottero Salto Baixo Branco,"Calçados,Calçados Femininos,Sandálias","R$ 299,99","R$ 164,99","R$ 175,52",2x
Santa Lolla,Marrom,Dafiti,Sandália Feminina Santa Lolla Salto Quad...,"Calçados,Calçados Femininos,Sandálias,Sandália Salto Grosso","R$ 229,90","R$ 149,99","R$ 159,56",2x
Moleca,Marrom,Dafiti,Sapatilha Feminina Moleca Laço Matelassê Marrom,"Calçados,Calçados Femininos,Sapatilhas,Sapatilha Bico Redondo","R$ 69,90","R$ 41,99","R$ 44,67",1x
Usaflex,Marrom,Dafiti,Sandália Feminina Usaflex Salto Bloco Marrom,"Calçados,Calçados Femininos,Tamanco","R$ 249,99","R$ 159,99","R$ 170,20",2x
Mooncity,Café,Dafiti,Bota Feminina Mooncity Cano Alto Café,"Calçados,Calçados Femininos,Botas,Bota Montaria e Cano Longo","R$ 189,99","R$ 104,99","R$ 111,69",1x
Santa Lolla,Off-white,Dafiti,Rasteira Feminina Santa Lolla Tiras Esfe...,"Calçados,Calçados Femininos,Rasteirinhas","R$ 129,90","R$ 89,99","R$ 95,73",1x
Beira Rio,Marrom,Dafiti,Sandália Feminina Beira Rio Salto Médio Marrom,"Calçados,Calçados Femininos,Tamanco","R$ 129,90","R$ 75,79","R$ 80,63",1x
Mooncity,Café,Dafiti,Bota Feminina Mooncity Cano Alto Café,"Calçados,Calçados Femininos,Botas,Bota Montaria e Cano Longo","R$ 199,99","R$ 114,99","R$ 122,33",2x
Vizzano,Branco,Dafiti,Tênis Feminino Vizzano Cano Baixo Recortes Branco,"Calçados,Calçados Femininos,Tênis,Tênis Casual","R$ 169,90","R$ 114,99","R$ 122,33",2x
Moleca,Preto,Dafiti,Tênis Feminino Moleca Floral Preto,"Calçados,Calçados Femininos,Tênis,Tênis Casual","R$ 119,99","R$ 64,99","R$ 69,14",1x
Moleca,Azul Marinho,Dafiti,Sapatilha Feminina Moleca Têxtil Azul Marinho,"Calçados,Calçados Femininos,Sapatilhas,Sapatilha Bico Redondo","R$ 49,90","R$ 29,99","R$ 31,90",1x
Santa Lolla,Preto,Dafiti,Sandália Feminina Santa Lolla Salto Alto Preta,"Calçados,Calçados Femininos,Sandálias,Sandália Salto Grosso","R$ 269,90","R$ 176,99","R$ 188,29",3x
Vizzano,Preto,Dafiti,Sandália Feminina Vizzano Salto Bloco Bi...,"Calçados,Calçados Femininos,Tamanco","R$ 159,90","R$ 104,99","R$ 111,69",1x
Usaflex,Bege,Dafiti,Sapatilha Feminina Usaflex Bico Arredondado Bege,"Calçados,Calçados Femininos,Sapatilhas,Sapatilha Bico Redondo","R$ 259,99","R$ 99,99","R$ 106,37",1x
Vizzano,Marrom,Dafiti,Sandália Feminina Vizzano Tiras com Fivela Marrom,"Calçados,Calçados Femininos,Sandálias,Sandália Plataforma","R$ 149,90","R$ 109,99","R$ 117,01",1x
Moleca,Preto,Dafiti,Sandália Feminina Moleca Studs Salto Médio Preta,"Calçados,Calçados Femininos,Tamanco","R$ 149,90","R$ 94,99","R$ 101,05",1x
Via Marte,Preto,Dafiti,Bota Feminina Via Marte Cano Curto Preta,"Calçados,Calçados Femininos,Botas,Bota Cano Curto","R$ 269,99","R$ 174,99","R$ 186,16",3x
Beira Rio,Nude,Dafiti,Scarpin Beira Rio Salto Grosso Nude,"Calçados,Calçados Femininos,Scarpin","R$ 139,99","R$ 69,99","R$ 74,46",1x
Ramarim,Off-white,Dafiti,Tênis Feminino Ramarim Mesh Cadarço Off ...,"Calçados,Calçados Femininos,Tênis,Tênis Casual","R$ 249,90","R$ 159,99","R$ 170,20",2x
Vizzano,Off-white,Dafiti,Scarpin Feminino Vizzano Bico Fino Tacha...,"Calçados,Calçados Femininos,Scarpin","R$ 189,90","R$ 119,99","R$ 127,65",2x
Modare,Bege,Dafiti,Sapatilha Feminino Modare Bege,"Calçados,Calçados Femininos,Mocassim","R$ 149,90","R$ 84,99","R$ 90,41",1x
VIA UNO,Caramelo,Dafiti,Mocassim Feminino VIA UNO Detalhe Frontal Caramelo,"Calçados,Calçados Femininos,Mocassim","R$ 139,99","R$ 89,99","R$ 95,73",1x
Bebecê,Marrom,Dafiti,Scarpin Feminino Bebecê Salto Bloco Marrom,"Calçados,Calçados Femininos,Scarpin","R$ 179,99","R$ 119,99","R$ 127,65",2x
Moleca,Preto,Dafiti,Tênis Feminino Moleca Com Cadarço Preto,"Calçados,Calçados Femininos,Tênis,Tênis Casual","R$ 159,90","R$ 114,99","R$ 122,33",2x
VIA UNO,Off-white,Dafiti,Scarpin Feminino VIA UNO Tira Ajustável Off-White,"Calçados,Calçados Femininos,Scarpin","R$ 159,99","R$ 119,99","R$ 127,65",2x
Ramarim,Preto,Dafiti,Tênis Feminino Ramarim Design Moderno Preto,"Calçados,Calçados Femininos,Tênis,Tênis Casual","R$ 289,90","R$ 164,99","R$ 175,52",2x
Moleca,Branco,Dafiti,Tênis Feminino Moleca Cano Médio Branco,"Calçados,Calçados Femininos,Tênis,Tênis Casual","R$ 179,90","R$ 124,99","R$ 132,97",2x
Modare,Dourado,Dafiti,Tamanco Feminino Modare Salto Bloco Reco...,"Calçados,Calçados Femininos,Tamanco","R$ 149,90","R$ 99,99","R$ 106,37",1x
Santa Lolla,Marrom,Dafiti,Rasteira Santa Lolla Hotfix Marrom,"Calçados,Calçados Femininos,Rasteirinhas","R$ 169,90","R$ 134,99","R$ 143,61",2x
Jorge Bischoff,Caramelo,Dafiti,Sapatilha Feminina Jorge Bischoff Croco Caramelo,"Calçados,Calçados Femininos,Sapatilhas,Sapatilha Bico Fino","R$ 549,00","R$ 244,99","R$ 260,63",4x
Santa Lolla,Caramelo,Dafiti,Sandália Feminina Santa Lolla Tiras Salt...,"Calçados,Calçados Femininos,Sandálias,Sandália Salto Grosso","R$ 199,90","R$ 154,99","R$ 164,88",2x
VIA UNO,Preto,Dafiti,Sandália Feminina VIA UNO Salto Croco Preta,"Calçados,Calçados Femininos,Tamanco","R$ 139,99","R$ 89,99","R$ 95,73",1x
Jorge Bischoff,Off-white,Dafiti,Sandália Feminina Jorge Bischoff Couro S...,"Calçados,Calçados Femininos,Sandálias,Sandália Salto Grosso","R$ 549,00","R$ 299,99","R$ 319,14",5x
VIA UNO,Marrom,Dafiti,Sandália Feminina VIA UNO Salto Grosso B...,"Calçados,Calçados Femininos,Sandálias,Sandália Salto Grosso","R$ 149,99","R$ 74,99","R$ 79,78",1x
Kolosh,Branco,Dafiti,Tênis Kolosh Recortes Branco,"Calçados,Calçados Femininos,Tênis,Tênis Casual","R$ 219,99","R$ 149,99","R$ 159,56",2x
Bebecê,Marrom,Dafiti,Scarpin Bebecê Liso Marrom,"Calçados,Calçados Femininos,Scarpin","R$ 129,99","R$ 94,99","R$ 101,05",1x
Anacapri,Azul Marinho,Dafiti,Slip On ANACAPRI Lasercut Azul-marinho,"Calçados,Calçados Femininos,Tênis","R$ 179,99","R$ 154,99","R$ 164,88",2x
Moleca,Preto,Dafiti,Rasteira Feminina Moleca Tiras Trançadas Preta,"Calçados,Calçados Femininos,Rasteirinhas","R$ 79,90","R$ 42,99","R$ 45,73",1x
Vizzano,Preto,Dafiti,Sandália Feminina Vizzano Salto Médio Preta,"Calçados,Calçados Femininos,Sandálias,Sandália Salto Grosso","R$ 149,90","R$ 114,99","R$ 122,33",2x
Modare,Marrom,Dafiti,Scarpin Anabela Modare Liso Marrom,"Calçados,Calçados Femininos,Scarpin","R$ 109,90","R$ 59,99","R$ 63,82",1x
Usaflex,Preto,Dafiti,Tênis Feminino Usaflex Slip On Preto,"Calçados,Calçados Femininos,Tênis,Slip On","R$ 299,99","R$ 144,99","R$ 154,24",2x
Beira Rio,Caramelo,Dafiti,Sandália Feminina Beira Rio Salto Bloco Caramelo,"Calçados,Calçados Femininos,Tamanco","R$ 129,99","R$ 74,99","R$ 79,78",1x
Modare,Branco,Dafiti,Scarpin Feminino Modare Couro Salto Fino Branco,"Calçados,Calçados Femininos,Scarpin","R$ 149,99","R$ 104,99","R$ 111,69",1x
Bebecê,Bege,Dafiti,Mocassim Feminino Bebecê Detalhe Metálico Bege,"Calçados,Calçados Femininos,Mocassim","R$ 79,99","R$ 43,99","R$ 46,80",1x
Luiza Barcelos,Bege,Dafiti,Rasteira Feminina Luiza Barcelos Tiras T...,"Calçados,Calçados Femininos,Rasteirinhas","R$ 759,90","R$ 439,99","R$ 468,07",5x
Moleca,Caramelo,Dafiti,Sapatilha Moleca Bridão Caramelo,"Calçados,Calçados Femininos,Sapatilhas,Sapatilha Bico Redondo","R$ 69,90","R$ 49,99","R$ 53,18",1x
Arezzo,Preto,Dafiti,Mocassim Feminino Arezzo Couro Preto,"Calçados,Calçados Femininos,Mocassim","R$ 399,90","R$ 375,90","R$ 399,89",5x
Via Marte,Bege,Dafiti,Tênis Feminino Via Marte Casual Bege,"Calçados,Calçados Femininos,Tênis,Tênis Casual","R$ 239,99","R$ 179,99","R$ 191,48",3x
Jorge Bischoff,Nude,Dafiti,Sandália Feminina Jorge Bischoff Couro S...,"Calçados,Calçados Femininos,Sandálias,Sandália Salto Grosso","R$ 649,00","R$ 309,99","R$ 329,78",5x
Modare,Vinho,Dafiti,Tênis Slip On Modare Texturizado Vinho,"Calçados,Calçados Femininos,Tênis,Tênis Casual","R$ 149,99","R$ 109,99","R$ 117,01",1x
Anacapri,Marrom,Dafiti,Tênis Feminino Anacapri Cadarço Marrom,"Calçados,Calçados Femininos,Tênis,Tênis Casual","R$ 269,90","R$ 229,99","R$ 244,67",4x
Jorge Bischoff,Dourado,Dafiti,Sapato Feminino Jorge Bischoff Couro Dourada,"Calçados,Calçados Femininos,Sandálias,Sandália Salto Grosso","R$ 549,00","R$ 239,99","R$ 255,31",4x
Via Marte,Preto,Dafiti,Tênis Feminino Via Marte Slip On Preto,"Calçados,Calçados Femininos,Tênis,Tênis Casual","R$ 189,99","R$ 149,99","R$ 159,56",2x
Vizzano,Branco,Dafiti,Tênis Vizzano Recortes Branco,"Calçados,Calçados Femininos,Tênis,Tênis Casual","R$ 159,90","R$ 89,99","R$ 95,73",1x
VIA UNO,Marrom,Dafiti,Bota Feminina VIA UNO Cano Baixo Marrom,"Calçados,Calçados Femininos,Botas,Bota Cano Curto","R$ 159,99","R$ 84,99","R$ 90,41",1x
Via Marte,Bege,Dafiti,Tênis Feminino Via Marte Cano Baixo Textil Bege,"Calçados,Calçados Femininos,Tênis,Tênis Casual","R$ 279,99","R$ 174,99","R$ 186,16",3x
Capodarte,Marrom,Dafiti,Scarpin Feminino Capodarte Salto Quadrad...,"Calçados,Calçados Femininos,Scarpin","R$ 529,99","R$ 324,99","R$ 345,73",5x
Santa Lolla,Preto,Dafiti,Scarpin Santa Lolla Couro Preto,"Calçados,Calçados Femininos,Scarpin","R$ 229,90","R$ 154,99","R$ 164,88",2x
Luiza Barcelos,Preto,Dafiti,Bota Feminina Luiza Barcelos Cano Alto Couro Preta,"Calçados,Calçados Femininos,Botas,Bota Montaria e Cano Longo","R$ 1.699,90","R$ 849,99","R$ 904,24",5x
Vizzano,Preto,Dafiti,Scarpin Vizzano Tiras Bico Fino Preto,"Calçados,Calçados Femininos,Scarpin","R$ 169,99","R$ 99,99","R$ 106,37",1x
Modare,Marrom,Dafiti,Sapatilha Feminina Modare Matelassê Marrom,"Calçados,Calçados Femininos,Sapatilhas,Sapatilha Bico Fino","R$ 129,90","R$ 70,99","R$ 75,52",1x
Modare,Marrom,Dafiti,Scarpin Modare Salto Grosso Marrom,"Calçados,Calçados Femininos,Scarpin","R$ 129,99","R$ 84,99","R$ 90,41",1x
Asics,Branco,Dafiti,Tênis Feminino Asics Dynablast 6 Se Branco,"Calçados,Calçados Femininos,Tênis,Tênis Casual","R$ 699,99","R$ 604,99","R$ 643,61",5x
Beira Rio,Bege,Dafiti,Rasteira Feminina Beira Rio Tiras Cruzadas Bege,"Calçados,Calçados Femininos,Rasteirinhas","R$ 49,99","R$ 39,99","R$ 42,54",1x
Santa Lolla,Marrom,Dafiti,Scarpin Feminino Santa Lolla Amarração Marrom,"Calçados,Calçados Femininos,Scarpin","R$ 249,90","R$ 129,99","R$ 138,29",2x
Santa Lolla,Preto,Dafiti,Scarpin Feminino Santa Lolla Salto Baixo Preto,"Calçados,Calçados Femininos,Scarpin","R$ 229,99","R$ 159,99","R$ 170,20",2x
Melissa,Marrom,Dafiti,Sandália Feminina Melissa Cozy Sandal Pl...,"Calçados,Calçados Femininos,Sandálias,Sandália Plataforma","R$ 299,90","R$ 281,90","R$ 299,89",5x
Moleca,Marrom,Dafiti,Bota Feminina Moleca Cano Baixo Marrom,"Calçados,Calçados Femininos,Botas,Bota Cano Curto","R$ 209,90","R$ 109,99","R$ 117,01",1x
Beira Rio,Caramelo,Dafiti,Sandália Beira Rio Salto Fino Caramelo,"Calçados,Calçados Femininos,Tamanco","R$ 109,90","R$ 69,99","R$ 74,46",1x
Modare,Caramelo,Dafiti,Sapatilha Feminino Modare Têxtil Caramelo,"Calçados,Calçados Femininos,Sapatilhas,Sapatilha Bico Redondo","R$ 159,90","R$ 89,99","R$ 95,73",1x
Bebecê,Preto,Dafiti,Sandália Feminina Bebecê Anabela Preta,"Calçados,Calçados Femininos,Sandálias,Sandália Anabela","R$ 139,99","R$ 99,99","R$ 106,37",1x
Jorge Bischoff,Marrom,Dafiti,Sandália Feminina Jorge Bischoff Salto C...,"Calçados,Calçados Femininos,Tamanco","R$ 529,00","R$ 269,99","R$ 287,22",4x
Arezzo,Preto,Dafiti,Sandália Feminina Arezzo Salto Médio Couro Preta,"Calçados,Calçados Femininos,Sandálias,Sandália Anabela","R$ 379,90","R$ 357,10","R$ 379,89",5x
Beira Rio,Off-white,Dafiti,Scarpin Feminino Beira Rio Bico Fino Sal...,"Calçados,Calçados Femininos,Scarpin","R$ 149,90","R$ 87,99","R$ 93,61",1x
Jorge Bischoff,Marrom,Dafiti,Sapatilha Feminina Jorge Bischoff Couro ...,"Calçados,Calçados Femininos,Sapatilhas,Sapatilha Bico Fino","R$ 549,00","R$ 219,99","R$ 234,03",3x
Modare,Marrom,Dafiti,Mocassim Feminino Modare Detalhe Marrom,"Calçados,Calçados Femininos,Mocassim","R$ 149,90","R$ 98,99","R$ 105,31",1x
Luiza Barcelos,Dourado,Dafiti,Tamanco Feminino Luiza Barcelos Couro Dourado,"Calçados,Calçados Femininos,Tamanco","R$ 799,90","R$ 369,99","R$ 393,61",5x
Vizzano,Vermelho,Dafiti,Sapatilha Feminina Vizzano Tiras Fivela Vinho,"Calçados,Calçados Femininos,Sapatilhas,Sapatilha Bico Redondo","R$ 149,99","R$ 94,99","R$ 101,05",1x
Vizzano,Preto,Dafiti,Sandália Feminina Vizzano Salto Alto Bloco Preta,"Calçados,Calçados Femininos,Sandálias,Sandália Salto Grosso","R$ 169,99","R$ 94,99","R$ 101,05",1x
VIA UNO,Bege,Dafiti,Tênis Feminino VIA UNO Cano Baixo Bege,"Calçados,Calçados Femininos,Tênis,Tênis Casual","R$ 169,99","R$ 124,99","R$ 132,97",2x
Bebecê,Marrom,Dafiti,Sandália Feminina Bebecê Salto Bloco Marrom,"Calçados,Calçados Femininos,Sandálias,Sandália Salto Grosso","R$ 179,99","R$ 119,99","R$ 127,65",2x
Arezzo,Bege,Dafiti,Scarpin Feminino Arezzo Couro Salto Baixo Bege,"Calçados,Calçados Femininos,Scarpin","R$ 399,90","R$ 375,90","R$ 399,89",5x
Anacapri,Branco,Dafiti,Rasteira Feminina Anacapri Fechada Tiras...,"Calçados,Calçados Femininos,Rasteirinhas","R$ 139,90","R$ 114,99","R$ 122,33",2x
Dakota,Bege,Dafiti,Tênis Feminino Dakota Pelinho Cano Curto Bege,"Calçados,Calçados Femininos,Tênis,Tênis Casual","R$ 299,99","R$ 199,99","R$ 212,76",3x
New Balance,Preto,Dafiti,Tênis Feminino New Balance Infinion 1080...,"Calçados,Calçados Femininos,Tênis,Tênis Casual","R$ 1.299,99","R$ 879,99","R$ 936,16",5x
Jorge Bischoff,Dourado,Dafiti,Rasteira Feminina Jorge Bischoff Couro Dourada,"Calçados,Calçados Femininos,Rasteirinhas","R$ 449,00","R$ 249,99","R$ 265,95",4x
Santa Lolla,Preto,Dafiti,Scarpin Feminino Santa Lolla Salto Baixo Preto,"Calçados,Calçados Femininos,Scarpin","R$ 229,90","R$ 129,99","R$ 138,29",2x
Vans,Vermelho,Dafiti,Tênis Vans Authentic Vermelho,"Calçados,Calçados Femininos,Tênis,Tênis Casual,Calçados Masculinos,Tênis,Tênis Casual","R$ 299,99","R$ 281,99","R$ 299,99",5x
VIA UNO,Bege,Dafiti,Tênis Feminino VIA UNO Cano Baixo Bege,"Calçados,Calçados Femininos,Tênis,Tênis Casual","R$ 139,99","R$ 84,99","R$ 90,41",1x
Santa Lolla,Vinho,Dafiti,Scarpin Feminino Santa Lolla Salto Médio Vinho,"Calçados,Calçados Femininos,Scarpin","R$ 229,90","R$ 154,99","R$ 164,88",2x
Vizzano,Bege,Dafiti,Tênis Feminino Vizzano Cano Baixo Bege,"Calçados,Calçados Femininos,Tênis,Tênis Casual","R$ 169,90","R$ 124,99","R$ 132,97",2x
VIA UNO,Marrom,Dafiti,Bota Feminina VIA UNO Cano Baixo Marrom,"Calçados,Calçados Femininos,Botas,Bota Cano Curto","R$ 179,99","R$ 104,99","R$ 111,69",1x
Vizzano,Marrom,Dafiti,Sandália Feminina Vizzano Meia Pata Marrom,"Calçados,Calçados Femininos,Sandálias,Sandália Meia Pata","R$ 199,90","R$ 124,99","R$ 132,97",2x
Dakota,Marrom,Dafiti,Bota Feminina Dakota Cano Curto Marrom,"Calçados,Calçados Femininos,Botas,Bota Cano Curto","R$ 199,99","R$ 154,99","R$ 164,88",2x
Modare,Preto,Dafiti,Scarpin Feminino Modare Bico Fino Preto,"Calçados,Calçados Femininos,Scarpin","R$ 149,99","R$ 114,99","R$ 122,33",2x
Beira Rio,Bege,Dafiti,Sapatilha Feminino Beira Rio Bico Fino D...,"Calçados,Calçados Femininos,Sapatilhas,Sapatilha Bico Fino","R$ 99,90","R$ 69,99","R$ 74,46",1x
Anacapri,Bege,Dafiti,Tênis Feminino ANACAPRI Cano Baixo Sinté...,"Calçados,Calçados Femininos,Tênis,Tênis Casual","R$ 259,90","R$ 159,99","R$ 170,20",2x
Modare,Preto,Dafiti,Bota Feminina Modare Cano Curto Preta,"Calçados,Calçados Femininos,Botas,Bota Cano Curto","R$ 209,90","R$ 119,99","R$ 127,65",2x
Vizzano,Marrom,Dafiti,Sandália Feminina Vizzano Salto Baixo Marrom,"Calçados,Calçados Femininos,Sandálias,Sandália Salto Grosso","R$ 159,99","R$ 101,99","R$ 108,50",1x
Bebecê,Caramelo,Dafiti,Sandália Bebecê Croco Caramelo,"Calçados,Calçados Femininos,Sandálias,Sandália Salto Grosso","R$ 99,99","R$ 74,99","R$ 79,78",1x
Beira Rio,Preto,Dafiti,Sandália Feminina Beira Rio Salto Médio Preta,"Calçados,Calçados Femininos,Tamanco","R$ 129,90","R$ 69,99","R$ 74,46",1x
Bebecê,Preto,Dafiti,Mocassim Mule Bebecê Liso Preto,"Calçados,Calçados Femininos,Mocassim","R$ 79,99","R$ 44,99","R$ 47,86",1x
Bebecê,Nude,Dafiti,Sapatilha Feminina Bebecê Textura Croco ...,"Calçados,Calçados Femininos,Sapatilhas,Sapatilha Bico Fino","R$ 99,99","R$ 69,99","R$ 74,46",1x
Vizzano,Marrom,Dafiti,Sandália Feminina Vizzano Salto Bloco Marrom,"Calçados,Calçados Femininos,Sandálias,Sandália Salto Grosso","R$ 149,90","R$ 109,99","R$ 117,01",1x
New Balance,Rosa,Dafiti,Tênis Feminino New Balance 471 Rosa,"Calçados,Calçados Femininos,Tênis,Tênis Casual","R$ 549,99","R$ 385,19","R$ 409,78",5x
VIA UNO,Branco,Dafiti,Rasteira Feminina VIA UNO Fechada Pedraria Branca,"Calçados,Calçados Femininos,Rasteirinhas","R$ 119,99","R$ 69,99","R$ 74,46",1x
Melissa,Off-white,Dafiti,Rasteira Feminina Melissa Tiras Entrelac...,"Calçados,Calçados Femininos,Rasteirinhas","R$ 149,90","R$ 140,90","R$ 149,89",2x
Santa Lolla,Preto,Dafiti,Sandália Feminina Santa Lolla Salto Quad...,"Calçados,Calçados Femininos,Sandálias,Sandália Salto Grosso","R$ 199,90","R$ 129,99","R$ 138,29",2x
VIA UNO,Off-white,Dafiti,Mule Feminino VIA UNO Bico Redondo Detal...,"Calçados,Calçados Femininos,Mocassim","R$ 99,99","R$ 74,99","R$ 79,78",1x
Vizzano,Bege,Dafiti,Tênis Feminino Vizzano Cano Baixo Bege,"Calçados,Calçados Femininos,Tênis,Tênis Casual","R$ 239,90","R$ 164,99","R$ 175,52",2x
Capodarte,Preto,Dafiti,Bota Feminina Capodarte Cano Alto Couro Preta,"Calçados,Calçados Femininos,Botas,Bota Montaria e Cano Longo","R$ 1.290,00","R$ 749,99","R$ 797,86",5x
Kolosh,Marrom,Dafiti,Tênis Feminino Kolosh Casual Marrom,"Calçados,Calçados Femininos,Tênis,Tênis Casual","R$ 199,99","R$ 159,99","R$ 170,20",2x
Vizzano,Off-white,Dafiti,Tênis Feminino Vizzano Cadarço Off-White,"Calçados,Calçados Femininos,Tênis,Tênis Casual","R$ 189,90","R$ 99,99","R$ 106,37",1x
Santa Lolla,Preto,Dafiti,Rasteira Feminina Santa Lolla Tachas Preta,"Calçados,Calçados Femininos,Rasteirinhas","R$ 269,90","R$ 194,99","R$ 207,44",3x
Vizzano,Off-white,Dafiti,Sandália Feminina Vizzano Meia Pata Salt...,"Calçados,Calçados Femininos,Tamanco","R$ 199,90","R$ 149,99","R$ 159,56",2x
Modare,Caramelo,Dafiti,Sandália Feminina Modare Salto Bloco Laç...,"Calçados,Calçados Femininos,Tamanco","R$ 139,90","R$ 79,99","R$ 85,10",1x
Via Marte,Bege,Dafiti,Bota Feminina Via Marte Cano Curto Salto...,"Calçados,Calçados Femininos,Botas,Bota Cano Curto","R$ 249,99","R$ 164,99","R$ 175,52",2x
Beira Rio,Marrom,Dafiti,Rasteira Feminina Beira Rio Detalhe Dourado Marrom,"Calçados,Calçados Femininos,Rasteirinhas","R$ 89,99","R$ 49,99","R$ 53,18",1x
Beira Rio,Off-white,Dafiti,Mule Feminino Beira Rio Fivela Off-White,"Calçados,Calçados Femininos,Mocassim","R$ 99,90","R$ 59,99","R$ 63,82",1x
Vizzano,Preto,Dafiti,Scarpin Vizzano Salto Fino Médio Detalhe...,"Calçados,Calçados Femininos,Scarpin","R$ 159,90","R$ 124,99","R$ 132,97",2x
Arezzo,Preto,Dafiti,Tênis Arezzo Urbano Texturizado Preta,"Calçados,Calçados Femininos,Tênis,Tênis Casual","R$ 299,99","R$ 281,99","R$ 299,99",5x
Kolosh,Branco,Dafiti,Tênis Feminino Kolosh Mesh Branco,"Calçados,Calçados Femininos,Tênis,Tênis Casual","R$ 269,99","R$ 164,99","R$ 175,52",2x
Santa Lolla,Bege,Dafiti,Tênis Feminino Santa Lolla Couro Bege,"Calçados,Calçados Femininos,Tênis,Tênis Casual","R$ 329,90","R$ 199,99","R$ 212,76",3x
Arezzo,Off-white,Dafiti,Tênis Feminino Arezzo Couro Cadarço Off-White,"Calçados,Calçados Femininos,Tênis,Tênis Casual","R$ 479,90","R$ 451,10","R$ 479,89",5x
Anacapri,Nude,Dafiti,Tênis Feminino ANACAPRI Nude,"Calçados,Calçados Femininos,Tênis,Tênis Casual","R$ 299,90","R$ 149,90","R$ 159,47",2x
Melissa,Preto,Dafiti,Sandália Feminina Melissa Plataforma Preta,"Calçados,Calçados Femininos,Sandálias,Sandália Salto Grosso","R$ 319,90","R$ 300,70","R$ 319,89",5x
VIA UNO,Café,Dafiti,Rasteira Feminina Via Uno Trançada Café,"Calçados,Calçados Femininos,Rasteirinhas","R$ 139,90","R$ 54,99","R$ 58,50",1x
Santa Lolla,Marrom,Dafiti,Sandália Feminina Santa Lolla Salto Médi...,"Calçados,Calçados Femininos,Sandálias,Sandália Salto Grosso","R$ 299,90","R$ 239,99","R$ 255,31",4x
Moleca,Bege,Dafiti,Tênis Feminino Moleca Casual Bege,"Calçados,Calçados Femininos,Tênis,Tênis Casual","R$ 129,90","R$ 84,99","R$ 90,41",1x
Via Marte,Preto,Dafiti,Bota Feminina Via Marte Cano Baixo Salto...,"Calçados,Calçados Femininos,Botas,Bota Cano Curto","R$ 249,99","R$ 144,99","R$ 154,24",2x
Bebecê,Marrom,Dafiti,Scarpin Slingback Feminino Bebecê Salto ...,"Calçados,Calçados Femininos,Scarpin","R$ 179,99","R$ 114,99","R$ 122,33",2x
Via Marte,Preto,Dafiti,Rasteira Feminina Via Marte Pedrarias Preta,"Calçados,Calçados Femininos,Rasteirinhas","R$ 139,99","R$ 64,99","R$ 69,14",1x
Beira Rio,Marrom,Dafiti,Scarpin Feminino Beira Rio Fivela Marrom,"Calçados,Calçados Femininos,Scarpin","R$ 149,90","R$ 84,99","R$ 90,41",1x
Beira Rio,Marrom,Dafiti,Sandália Feminina Beira Rio Salto Bloco Marrom,"Calçados,Calçados Femininos,Sandálias,Sandália Salto Grosso","R$ 149,90","R$ 91,99","R$ 97,86",1x
Beira Rio,Marrom,Dafiti,Rasteira Feminina Beira Rio Fivelas Marrom,"Calçados,Calçados Femininos,Rasteirinhas","R$ 119,90","R$ 94,99","R$ 101,05",1x
Santa Lolla,Branco,Dafiti,Sandália Feminina Santa Lolla Salto Fino...,"Calçados,Calçados Femininos,Sandálias,Sandália Salto Fino","R$ 199,90","R$ 141,99","R$ 151,05",2x
Santa Lolla,Rosa,Dafiti,Rasteira Slide Santa Lolla Logo Rosa,"Calçados,Calçados Femininos,Rasteirinhas","R$ 149,90","R$ 89,99","R$ 95,73",1x
Dakota,Bege,Dafiti,Bota Coturno Feminina Dakota Cano Médio ...,"Calçados,Calçados Femininos,Botas,Bota Cano Curto","R$ 199,99","R$ 129,99","R$ 138,29",2x
Melissa,Marrom,Dafiti,Chinelo Feminino Melissa Tiras Translúci...,"Calçados,Calçados Femininos,Chinelos","R$ 129,90","R$ 122,10","R$ 129,89",2x
Arezzo,Lilás,Dafiti,Tênis Feminino Arezzo Couro Lilás,"Calçados,Calçados Femininos,Tênis,Tênis Casual","R$ 479,90","R$ 451,10","R$ 479,89",5x
Lança Perfume,Marrom,Dafiti,Sandália Feminina Lança Perfume Couro Sa...,"Calçados,Calçados Femininos,Tamanco","R$ 693,00","R$ 404,99","R$ 430,84",5x
Anacapri,Marrom,Dafiti,Mule Clog Feminino ANACAPRI Couro Marrom,"Calçados,Calçados Femininos,Mocassim","R$ 279,90","R$ 219,99","R$ 234,03",3x
Santa Lolla,Nude,Dafiti,Tênis Feminino Santa Lolla Couro Nude,"Calçados,Calçados Femininos,Tênis,Tênis Casual","R$ 329,90","R$ 219,99","R$ 234,03",3x
Anacapri,Bege,Dafiti,Sapatilha Feminina ANACAPRI Detalhe Laço...,"Calçados,Calçados Femininos,Sapatilhas,Sapatilha Bico Redondo","R$ 159,90","R$ 150,31","R$ 150,31",2x
Luiza Barcelos,Marrom,Dafiti,Bota Feminina Luiza Barcelos Cano Alto C...,"Calçados,Calçados Femininos,Botas,Bota Montaria e Cano Longo","R$ 1.299,90","R$ 649,99","R$ 691,48",5x
Santa Lolla,Preto,Dafiti,Rasteira Feminina Santa Lolla Tiras Fina...,"Calçados,Calçados Femininos,Rasteirinhas","R$ 129,90","R$ 84,99","R$ 90,41",1x
Loucos e Santos,Off-white,Dafiti,Rasteira Feminina Loucos e Santos Pedrar...,"Calçados,Calçados Femininos,Rasteirinhas","R$ 339,00","R$ 154,99","R$ 164,88",2x
Vizzano,Preto,Dafiti,Tênis Feminino Vizzano Cano Baixo Preto,"Calçados,Calçados Femininos,Tênis,Tênis Casual","R$ 269,90","R$ 179,99","R$ 191,48",3x
Vizzano,Marrom,Dafiti,Rasteira Feminina Vizzano Aplicações Marrom,"Calçados,Calçados Femininos,Rasteirinhas","R$ 179,90","R$ 94,99","R$ 101,05",1x
Moleca,Marrom,Dafiti,Tênis Feminino Moleca Animal Print Marrom,"Calçados,Calçados Femininos,Tênis,Tênis Casual","R$ 179,90","R$ 94,99","R$ 101,05",1x
Moleca,Bege,Dafiti,Sandália Feminina Moleca Salto Anabela Bege,"Calçados,Calçados Femininos,Tamanco","R$ 119,90","R$ 64,99","R$ 69,14",1x
Moleca,Marrom,Dafiti,Sapatilha Feminina Moleca Detalhe Laço Marrom,"Calçados,Calçados Femininos,Sapatilhas,Sapatilha Bico Redondo","R$ 69,90","R$ 41,99","R$ 44,67",1x
Anacapri,Caramelo,Dafiti,Sandália Feminina Anacapri Salto Baixo Caramelo,"Calçados,Calçados Femininos,Sandálias","R$ 249,90","R$ 124,90","R$ 132,87",2x
Kolosh,Rosa,Dafiti,Tênis Feminino Kolosh Casual Rosa,"Calçados,Calçados Femininos,Tênis,Tênis Casual","R$ 189,99","R$ 119,99","R$ 127,65",2x
Moleca,Nude,Dafiti,Sapatilha Feminina Moleca Detalhe Metal Nude,"Calçados,Calçados Femininos,Sapatilhas,Sapatilha Bico Fino","R$ 59,90","R$ 35,99","R$ 38,29",1x
Luiza Barcelos,Caramelo,Dafiti,Scarpin Feminino Luiza Barcelos Amarraçã...,"Calçados,Calçados Femininos,Scarpin","R$ 759,90","R$ 429,99","R$ 457,44",5x
Jorge Bischoff,Marrom,Dafiti,Rasteira Feminina Jorge Bischoff Couro Marrom,"Calçados,Calçados Femininos,Rasteirinhas","R$ 399,00","R$ 179,99","R$ 191,48",3x
Jorge Bischoff,Rosa,Dafiti,Rasteira Feminina Jorge Bischoff Couro Rosa,"Calçados,Calçados Femininos,Rasteirinhas","R$ 499,00","R$ 239,99","R$ 255,31",4x
Via Marte,Marrom,Dafiti,Sandália Feminina Via Marte Salto Bloco Marrom,"Calçados,Calçados Femininos,Sandálias","R$ 179,99","R$ 109,99","R$ 117,01",1x
Modare,Preto,Dafiti,Sandália Modare Tiras Preta,"Calçados,Calçados Femininos,Sandálias,Sandália Salto Grosso","R$ 149,99","R$ 94,99","R$ 101,05",1x
Arezzo,Preto,Dafiti,Mocassim Feminino Arezzo Couro Preto,"Calçados,Calçados Femininos,Mocassim","R$ 439,90","R$ 413,50","R$ 439,89",5x
Jorge Bischoff,Off-white,Dafiti,Sandália Anabela Jorge Bischoff Salto te...,"Calçados,Calçados Femininos,Sandálias","R$ 569,00","R$ 249,99","R$ 265,95",4x
Vizzano,Marrom,Dafiti,Sapatilha Feminina Vizzano Laço Marrom,"Calçados,Calçados Femininos,Sapatilhas,Sapatilha Bico Redondo","R$ 139,99","R$ 79,99","R$ 85,10",1x
VIA UNO,Off-white,Dafiti,Tênis Feminino Via Uno Detalhe Perfurado...,"Calçados,Calçados Femininos,Tênis,Tênis Casual","R$ 179,99","R$ 89,99","R$ 95,73",1x
Santa Lolla,Bege,Dafiti,Rasteira Santa Lolla Tira Hotfix Bege,"Calçados,Calçados Femininos,Rasteirinhas","R$ 149,90","R$ 109,99","R$ 117,01",1x
Anacapri,Marrom,Dafiti,Sandália Feminina ANACAPRI Tiras Finas c...,"Calçados,Calçados Femininos,Rasteirinhas","R$ 199,90","R$ 154,99","R$ 164,88",2x
Capodarte,Preto,Dafiti,Bota Feminina Capodarte Couro Cano Curto Preta,"Calçados,Calçados Femininos,Botas,Bota Cano Curto","R$ 689,99","R$ 474,99","R$ 505,31",5x
Santa Lolla,Preto,Dafiti,Sandália Santa Lolla Nó Preta,"Calçados,Calçados Femininos,Sandálias,Sandália Salto Grosso","R$ 269,90","R$ 229,99","R$ 244,67",4x
Bebecê,Off-white,Dafiti,Scarpin Slingback Bebecê Salto Color Off-White,"Calçados,Calçados Femininos,Scarpin","R$ 129,99","R$ 94,99","R$ 101,05",1x
Vizzano,Preto,Dafiti,Tênis Feminino Vizzano Cano Baixo Preto,"Calçados,Calçados Femininos,Tênis,Tênis Casual","R$ 239,90","R$ 149,99","R$ 159,56",2x
Jorge Bischoff,Nude,Dafiti,Scarpin Feminino Jorge Bischoff Couro Sa...,"Calçados,Calçados Femininos,Scarpin","R$ 599,00","R$ 304,99","R$ 324,46",5x
Anacapri,Vinho,Dafiti,Mocassim Feminino ANACAPRI Couro Detalhe...,"Calçados,Calçados Femininos,Mocassim","R$ 239,90","R$ 184,99","R$ 196,80",3x
Beira Rio,Marrom,Dafiti,Sandália Feminina Beira Rio Salto Médio Marrom,"Calçados,Calçados Femininos,Tamanco","R$ 119,90","R$ 89,99","R$ 95,73",1x
Anacapri,Branco,Dafiti,Tênis Anacapri Recortes Branco,"Calçados,Calçados Femininos,Tênis,Tênis Casual","R$ 199,90","R$ 187,91","R$ 187,91",3x
Moleca,Nude,Dafiti,Tênis Feminino Moleca Slip On Detalhes Metal Nude,"Calçados,Calçados Femininos,Tênis,Tênis Casual","R$ 99,99","R$ 59,99","R$ 63,82",1x
Santa Lolla,Bege,Dafiti,Sapatilha Feminina Santa Lolla Matelassê...,"Calçados,Calçados Femininos,Sapatilhas,Sapatilha Bico Redondo","R$ 149,90","R$ 99,99","R$ 106,37",1x
Capodarte,Off-white,Dafiti,Bota Feminina Capodarte Couro Cano Médio...,"Calçados,Calçados Femininos,Botas,Bota Cano Médio","R$ 790,00","R$ 409,99","R$ 436,16",5x
Santa Lolla,Bege,Dafiti,Rasteirinha Feminina Santa Lolla Tiras C...,"Calçados,Calçados Femininos,Rasteirinhas","R$ 189,90","R$ 104,99","R$ 111,69",1x
Modare,Marrom,Dafiti,Sandália Feminina Modare Salto Anabela Marrom,"Calçados,Calçados Femininos,Sandálias,Sandália Anabela","R$ 159,90","R$ 94,99","R$ 101,05",1x
Jorge Bischoff,Marrom,Dafiti,Sandália Feminina Jorge Bischoff Couro S...,"Calçados,Calçados Femininos,Tamanco","R$ 499,00","R$ 254,99","R$ 271,27",4x
Moleca,Preto,Dafiti,Chinelo Feminino Moleca Estampa Coqueiros Preto,"Calçados,Calçados Femininos,Chinelos","R$ 54,90","R$ 30,99","R$ 32,97",1x
Vizzano,Off-white,Dafiti,Sandália Papete Vizzano Tachas Off-White,"Calçados,Calçados Femininos,Papete","R$ 149,99","R$ 107,49","R$ 114,35",1x
Modare,Marrom,Dafiti,Sapatilha Feminina Modare Detalhe Metal Marrom,"Calçados,Calçados Femininos,Sapatilhas,Sapatilha Bico Fino","R$ 119,99","R$ 69,99","R$ 74,46",1x
Jorge Bischoff,Marrom,Dafiti,Sandália Feminina Jorge Bischoff Salto A...,"Calçados,Calçados Femininos,Sandálias","R$ 649,00","R$ 239,99","R$ 255,31",4x
Vizzano,Caramelo,Dafiti,Tênis Feminino Vizzano Plataforma Caramelo,"Calçados,Calçados Femininos,Tênis,Tênis Casual","R$ 189,90","R$ 99,99","R$ 106,37",1x
Vizzano,Nude,Dafiti,Sandália Feminina Vizzano Salto Anabela Nude,"Calçados,Calçados Femininos,Sandálias,Sandália Anabela","R$ 179,99","R$ 99,99","R$ 106,37",1x
Bebecê,Dourado,Dafiti,Sandália Feminina Bebecê Salto Médio Cob...,"Calçados,Calçados Femininos,Sandálias","R$ 99,99","R$ 74,99","R$ 79,78",1x
Luiza Barcelos,Marrom,Dafiti,Mocassim Loafer Feminino Luiza Barcelos ...,"Calçados,Calçados Femininos,Mocassim","R$ 599,90","R$ 299,99","R$ 319,14",5x
Luiza Barcelos,Vermelho,Dafiti,Scarpin Luiza Barcelos Couro Salto Alto Rubi,"Calçados,Calçados Femininos,Scarpin","R$ 699,99","R$ 404,99","R$ 430,84",5x
Jorge Bischoff,Off-white,Dafiti,Sandália Feminina Jorge Bischoff Couro S...,"Calçados,Calçados Femininos,Sandálias,Sandália Anabela","R$ 599,00","R$ 309,99","R$ 329,78",5x
Vizzano,Bege,Dafiti,Rasteira Feminina Vizzano Tiras Tramadas Bege,"Calçados,Calçados Femininos,Rasteirinhas","R$ 149,90","R$ 94,99","R$ 101,05",1x
Jorge Bischoff,Marrom,Dafiti,Bota Cano Baixo Feminina Jorge Bischoff Marrom,"Calçados,Calçados Femininos,Botas,Bota Cano Curto","R$ 799,00","R$ 319,99","R$ 340,41",5x
Santa Lolla,Amarelo,Dafiti,Rasteira Feminina Santa Lolla Faixa Vaza...,"Calçados,Calçados Femininos,Rasteirinhas","R$ 189,90","R$ 134,99","R$ 143,61",2x
Colcci,Azul,Dafiti,Tênis Feminino Colcci Casual Couro Azul,"Calçados,Calçados Femininos,Tênis,Tênis Casual","R$ 549,90","R$ 219,99","R$ 234,03",3x
Lança Perfume,Preto,Dafiti,Tênis Feminino Lança Perfume Letras Preto,"Calçados,Calçados Femininos,Tênis,Tênis Casual","R$ 553,00","R$ 239,99","R$ 255,31",4x
Vizzano,Preto,Dafiti,Sandália Feminina Vizzano Salto Bloco Preta,"Calçados,Calçados Femininos,Sandálias,Sandália Salto Grosso","R$ 179,90","R$ 110,99","R$ 118,07",1x
Santa Lolla,Dourado,Dafiti,Sandália Feminina Santa Lolla Salto Alto...,"Calçados,Calçados Femininos,Sandálias,Sandália Salto Fino","R$ 349,90","R$ 259,99","R$ 276,59",4x
Capodarte,Dourado,Dafiti,Sandália Baixa Feminina Capodarte Tiras ...,"Calçados,Calçados Femininos,Sandálias,Sandália Salto Grosso","R$ 650,00","R$ 239,99","R$ 255,31",4x
Jorge Bischoff,Marrom,Dafiti,Sapatilha Feminino Jorge Bischoff Croco Marrom,"Calçados,Calçados Femininos,Sapatilhas,Sapatilha Bico Fino","R$ 549,00","R$ 219,99","R$ 234,03",3x
Melissa,Bege,Dafiti,Sandália Feminina Melissa Média Bege,"Calçados,Calçados Femininos,Sandálias,Sandália Plataforma","R$ 299,90","R$ 281,90","R$ 299,89",5x
Via Marte,Bege,Dafiti,Tênis Feminino Via Marte Cano Baixo Bege,"Calçados,Calçados Femininos,Tênis,Tênis Casual","R$ 269,99","R$ 164,99","R$ 175,52",2x
Vizzano,Azul Marinho,Dafiti,Sapatilha Feminina Vizzano Bico Fino Azul Marinho,"Calçados,Calçados Femininos,Sapatilhas,Sapatilha Bico Fino","R$ 109,99",N/A,"R$ 109,99",1x
VIA UNO,Verde,Dafiti,Tamanco Feminino VIA UNO Salto Anabela Verde,"Calçados,Calçados Femininos,Tamanco","R$ 129,99","R$ 89,99","R$ 95,73",1x
Asics,Branco,Dafiti,Tênis Feminino Asics Gel 1130 Branco,"Calçados,Calçados Femininos,Tênis,Tênis Casual","R$ 699,99","R$ 454,99","R$ 484,03",5x
Moleca,Branco,Dafiti,Tênis Feminino Moleca Casual Branco,"Calçados,Calçados Femininos,Tênis,Tênis Casual","R$ 169,99","R$ 109,99","R$ 117,01",1x
Moleca,Bege,Dafiti,Tênis Feminino Moleca Cadarço Bege,"Calçados,Calçados Femininos,Tênis,Tênis Casual","R$ 159,99","R$ 89,99","R$ 95,73",1x
Santa Lolla,Off-white,Dafiti,Rasteira Feminina Santa Lolla Pedrarias Off-White,"Calçados,Calçados Femininos,Rasteirinhas","R$ 149,90","R$ 74,99","R$ 79,78",1x
Asics,Azul,Dafiti,Tênis Feminino Asics Raiden 5 Azul,"Calçados,Calçados Femininos,Tênis,Tênis Casual","R$ 379,99","R$ 324,99","R$ 345,73",5x
Melissa,Preto,Dafiti,Rasteira Melissa M Lover Slide Ad Preto,"Calçados,Calçados Femininos,Rasteirinhas","R$ 119,90","R$ 112,70","R$ 119,89",2x
Moleca,Preto,Dafiti,Sapatilha Moleca Textil Preta,"Calçados,Calçados Femininos,Sapatilhas,Sapatilha Bico Redondo","R$ 59,99","R$ 48,99","R$ 52,12",1x
Moleca,Branco,Dafiti,Tênis Feminino Moleca Cadarço Branco,"Calçados,Calçados Femininos,Tênis,Tênis Casual","R$ 169,90","R$ 98,29","R$ 104,56",1x
Moleca,Preto,Dafiti,Rasteira Feminina Moleca Salto Baixo Preta,"Calçados,Calçados Femininos,Rasteirinhas","R$ 149,99","R$ 72,99","R$ 77,65",1x
Vizzano,Off-white,Dafiti,Scarpin Feminino Vizzano Anabela Tiras Off-white,"Calçados,Calçados Femininos,Scarpin","R$ 179,90","R$ 129,99","R$ 138,29",2x
Asics,Preto,Dafiti,Tênis Asics JAPAN S Preto,"Calçados,Calçados Femininos,Tênis,Tênis Casual,Esporte,Esporte Feminino,Calçados,Tênis Performance","R$ 349,99","R$ 256,99","R$ 273,39",4x
Arezzo,Preto,Dafiti,Sandália Feminina Arezzo Tiras Salto Alto Preta,"Calçados,Calçados Femininos,Sandálias","R$ 269,90",N/A,"R$ 269,90",4x
VIA UNO,Preto,Dafiti,Rasteira Feminina VIA UNO Tira com Pedrarias Preta,"Calçados,Calçados Femininos,Rasteirinhas","R$ 99,99","R$ 54,99","R$ 58,50",1x
Modare,Preto,Dafiti,Bota Feminina Modare Cano Curto Salto Bloco Preta,"Calçados,Calçados Femininos,Botas,Bota Cano Curto","R$ 259,90","R$ 129,99","R$ 138,29",2x
Modare,Off-white,Dafiti,Sandália Flatform Modare Fivelas Off-White,"Calçados,Calçados Femininos,Sandálias,Sandália Plataforma","R$ 149,99","R$ 119,99","R$ 127,65",2x
Via Marte,Bege,Dafiti,Sandália Feminina Via Marte Plataforma Bege,"Calçados,Calçados Femininos,Sandálias,Sandália Plataforma","R$ 329,99","R$ 184,99","R$ 196,80",3x
Jorge Bischoff,Marrom,Dafiti,Rasteira Feminina Jorge Bischoff Fechada...,"Calçados,Calçados Femininos,Rasteirinhas","R$ 449,00","R$ 229,99","R$ 244,67",4x
Vizzano,Marrom,Dafiti,Sandália Feminina Vizzano Salto Alto Fiv...,"Calçados,Calçados Femininos,Sandálias","R$ 199,90","R$ 114,99","R$ 122,33",2x
Jorge Bischoff,Marrom,Dafiti,Sandália Feminina Jorge Bischoff Slingba...,"Calçados,Calçados Femininos,Sandálias,Sandália Salto Fino","R$ 699,00","R$ 309,99","R$ 329,78",5x
Santa Lolla,Marrom,Dafiti,Sandália Feminina Santa Lolla Tiras Fina...,"Calçados,Calçados Femininos,Sandálias,Sandália Salto Grosso","R$ 189,90","R$ 129,99","R$ 138,29",2x
Beira Rio,Amarelo,Dafiti,Rasteira Feminina Beira Rio Tiras Fivelas Amarela,"Calçados,Calçados Femininos,Rasteirinhas","R$ 129,90","R$ 79,99","R$ 85,10",1x
Jorge Bischoff,Marrom,Dafiti,Rasteira Feminina Jorge Bischoff Couro Marrom,"Calçados,Calçados Femininos,Rasteirinhas","R$ 499,00","R$ 289,99","R$ 308,50",5x
Beira Rio,Marrom,Dafiti,Sandália Feminina Beira Rio Anabela Marrom,"Calçados,Calçados Femininos,Tamanco","R$ 129,99","R$ 69,99","R$ 74,46",1x
Beira Rio,Marrom,Dafiti,Sandália Feminina Beira Rio Salto Médio ...,"Calçados,Calçados Femininos,Tamanco","R$ 129,90","R$ 69,99","R$ 74,46",1x
Santa Lolla,Preto,Dafiti,Sandália Feminina Santa Lolla Salto Médi...,"Calçados,Calçados Femininos,Sandálias,Sandália Anabela","R$ 349,90","R$ 259,99","R$ 276,59",4x
Mooncity,Preto,Dafiti,Bota Feminina Mooncity Cano Longo Preta,"Calçados,Calçados Femininos,Botas,Bota Montaria e Cano Longo","R$ 239,99","R$ 148,99","R$ 158,50",2x
Modare,Preto,Dafiti,Sandália Feminina Modare Têxtil Preta,"Calçados,Calçados Femininos,Sandálias","R$ 149,90","R$ 79,99","R$ 85,10",1x
Capodarte,Dourado,Dafiti,Sapatilha Feminina Capodarte Couro Matel...,"Calçados,Calçados Femininos,Sapatilhas,Sapatilha Bico Redondo","R$ 409,99","R$ 274,99","R$ 292,54",4x
Vizzano,Bege,Dafiti,Sandália Feminina Vizzano Salto Alto Bege,"Calçados,Calçados Femininos,Sandálias,Sandália Meia Pata","R$ 199,90","R$ 109,99","R$ 117,01",1x
Arezzo,Caramelo,Dafiti,Sapatilha Feminina Arezzo Couro Caramelo,"Calçados,Calçados Femininos,Sapatilhas,Sapatilha Bico Redondo","R$ 379,90","R$ 357,10","R$ 379,89",5x
Luiza Barcelos,Preto,Dafiti,Scarpin Feminino Luiza Barcelos Slingbac...,"Calçados,Calçados Femininos,Scarpin","R$ 659,90","R$ 329,99","R$ 351,05",5x
Moleca,Nude,Dafiti,Rasteira Slide Moleca Tira Larga Nude,"Calçados,Calçados Femininos,Rasteirinhas","R$ 119,90","R$ 79,99","R$ 85,10",1x
Jorge Bischoff,Azul Marinho,Dafiti,Tênis Feminino Jorge Bischoff Slip On Ca...,"Calçados,Calçados Femininos,Tênis,Tênis Casual","R$ 499,00","R$ 189,99","R$ 202,12",3x
Melissa,Bege,Dafiti,Tênis Feminino Melissa Cano Baixo Bege,"Calçados,Calçados Femininos,Tênis,Tênis Casual","R$ 279,90","R$ 263,10","R$ 279,89",4x
Usaflex,Preto,Dafiti,Scarpin Slingback Usaflex Couro Preto,"Calçados,Calçados Femininos,Scarpin","R$ 269,99","R$ 194,99","R$ 207,44",3x
Moleca,Verde,Dafiti,Tênis Feminino Moleca Cano Baixo Verde,"Calçados,Calçados Femininos,Tênis,Tênis Casual","R$ 149,90","R$ 79,99","R$ 85,10",1x
Jorge Bischoff,Dourado,Dafiti,Rasteira Feminina Jorge Bischoff Couro Dourada,"Calçados,Calçados Femininos,Rasteirinhas","R$ 399,00","R$ 179,99","R$ 191,48",3x
Santa Lolla,Caramelo,Dafiti,Scarpin Feminino Santa Lolla Couro Salto...,"Calçados,Calçados Femininos,Scarpin","R$ 249,90","R$ 149,99","R$ 159,56",2x
adidas Sportswear,Rosa,Dafiti,Tênis Feminino Adidas Sportswear Lightblaze Rosa,"Calçados,Calçados Femininos,Tênis,Tênis Casual","R$ 649,99","R$ 469,99","R$ 499,99",5x
VIA UNO,Marrom,Dafiti,Sandália Feminina VIA UNO Salto Bloco Marrom,"Calçados,Calçados Femininos,Sandálias,Sandália Salto Grosso","R$ 149,99","R$ 84,99","R$ 90,41",1x
Bottero,Dourado,Dafiti,Mocassim Feminino Bottero Vazado Dourado,"Calçados,Calçados Femininos,Mocassim","R$ 339,99","R$ 174,99","R$ 186,16",3x
Arezzo,Dourado,Dafiti,Rasteira Feminina Arezzo Couro Dourada,"Calçados,Calçados Femininos,Rasteirinhas","R$ 379,90","R$ 357,10","R$ 379,89",5x
VIA UNO,Preto,Dafiti,Bota Feminina VIA UNO Cano Curto Knit Preta,"Calçados,Calçados Femininos,Botas,Bota Cano Curto","R$ 179,99","R$ 124,99","R$ 132,97",2x
Luiza Barcelos,Dourado,Dafiti,Sandália Feminina Luiza Barcelos Salto A...,"Calçados,Calçados Femininos,Sandálias,Sandália Anabela","R$ 349,99",N/A,"R$ 349,99",5x
Vizzano,Preto,Dafiti,Rasteira Feminina Vizzano Fivela Preta,"Calçados,Calçados Femininos,Rasteirinhas","R$ 119,90","R$ 64,99","R$ 69,14",1x
adidas Originals,Preto,Dafiti,Tênis Feminino adidas Originals Supersta...,"Calçados,Calçados Femininos,Tênis,Tênis Casual","R$ 999,99","R$ 679,99","R$ 723,39",5x
Osklen,Branco,Dafiti,Tênis Feminino Osklen Slip-On Branco,"Calçados,Calçados Femininos,Tênis,Tênis Casual","R$ 497,00","R$ 229,99","R$ 244,67",4x
Santa Lolla,Preto,Dafiti,Scarpin Feminino Santa Lolla Trançado Bi...,"Calçados,Calçados Femininos,Scarpin","R$ 299,90","R$ 194,99","R$ 207,44",3x
Vizzano,Caramelo,Dafiti,Scarpin Feminino Vizzano Salto Grosso Caramelo,"Calçados,Calçados Femininos,Scarpin","R$ 189,90","R$ 99,99","R$ 106,37",1x
VIA UNO,Marrom,Dafiti,Sandália Feminina VIA UNO Salto Bloco Fi...,"Calçados,Calçados Femininos,Sandálias,Sandália Salto Grosso","R$ 159,99","R$ 94,99","R$ 101,05",1x
Santa Lolla,Bege,Dafiti,Bota Feminina Santa Lolla Cano Alto Couro Bege,"Calçados,Calçados Femininos,Botas,Bota Cano Médio","R$ 499,90","R$ 289,99","R$ 308,50",5x
Modare,Branco,Dafiti,Scarpin Feminino Modare Salto Bloco Branco,"Calçados,Calçados Femininos,Scarpin","R$ 179,90","R$ 106,99","R$ 113,82",1x
Beira Rio,Marrom,Dafiti,Rasteira Feminina Beira Rio Animal Print Marrom,"Calçados,Calçados Femininos,Rasteirinhas","R$ 99,90","R$ 59,99","R$ 63,82",1x
Santa Lolla,Preto,Dafiti,Sandália Anabela Santa Lolla Tachas Preta,"Calçados,Calçados Femininos,Sandálias,Sandália Anabela","R$ 369,90","R$ 289,99","R$ 308,50",5x
Arezzo,Nude,Dafiti,Rasteira Feminina Arezzo Tiras Fechada Nude,"Calçados,Calçados Femininos,Rasteirinhas","R$ 159,90","R$ 150,30","R$ 159,89",2x
Vizzano,Preto,Dafiti,Sandália Feminina Vizzano Tiras Pedrarias Preta,"Calçados,Calçados Femininos,Sandálias","R$ 139,90","R$ 89,99","R$ 95,73",1x
Santa Lolla,Dourado,Dafiti,Sandália Feminina Santa Lolla Salto Alto...,"Calçados,Calçados Femininos,Tamanco","R$ 199,90","R$ 144,99","R$ 154,24",2x
Luiza Barcelos,Preto,Dafiti,Scarpin Feminino Luiza Barcelos Slingbac...,"Calçados,Calçados Femininos,Scarpin","R$ 599,90","R$ 439,99","R$ 468,07",5x
New Balance,Cinza,Dafiti,Tênis Unissex New Balance 1906r Cinza,"Calçados,Calçados Femininos,Tênis,Tênis Casual,Calçados Masculinos,Tênis,Tênis Casual","R$ 1.199,99","R$ 889,99","R$ 946,80",5x
Vizzano,Off-white,Dafiti,Sandália Feminina Vizzano Salto Médio Ta...,"Calçados,Calçados Femininos,Tamanco","R$ 179,90","R$ 129,99","R$ 138,29",2x
Santa Lolla,Branco,Dafiti,Tênis Feminino Santa Lolla Cano Baixo Branco,"Calçados,Calçados Femininos,Tênis,Tênis Casual","R$ 229,99","R$ 169,99","R$ 180,84",3x
Santa Lolla,Amarelo,Dafiti,Sandália Feminina Santa Lolla Couro Salt...,"Calçados,Calçados Femininos,Sandálias,Sandália Salto Fino","R$ 349,90","R$ 259,99","R$ 276,59",4x
Moleca,Bege,Dafiti,Tênis Feminino Moleca Cadarço Bege,"Calçados,Calçados Femininos,Tênis,Tênis Casual","R$ 169,90","R$ 114,99","R$ 122,33",2x
Bottero,Preto,Dafiti,Sandália Feminina Bottero Salto Bloco Fi...,"Calçados,Calçados Femininos,Sandálias,Sandália Salto Grosso","R$ 289,99","R$ 164,99","R$ 175,52",2x
Luiza Barcelos,Bege,Dafiti,Sandália Feminina Luiza Barcelos Salto A...,"Calçados,Calçados Femininos,Sandálias,Sandália Anabela","R$ 699,90","R$ 349,99","R$ 372,33",5x
Moleca,Caramelo,Dafiti,Sandália Feminina Moleca Salto Alto Rebi...,"Calçados,Calçados Femininos,Tamanco","R$ 169,90","R$ 129,99","R$ 138,29",2x
Vizzano,Bege,Dafiti,Tênis Feminino Vizzano Cano Baixo Bege,"Calçados,Calçados Femininos,Tênis,Tênis Casual","R$ 229,90","R$ 149,99","R$ 159,56",2x
Puma,Branco,Dafiti,Tênis Feminino Puma Speedcat Elevated Branco,"Calçados,Calçados Femininos,Tênis,Tênis Casual","R$ 749,99","R$ 704,98","R$ 749,98",5x
Comfortflex,Marrom,Dafiti,Bota Feminina Comfortflex Cano Baixo Marrom,"Calçados,Calçados Femininos,Botas,Bota Cano Curto","R$ 209,99","R$ 99,99","R$ 106,37",1x
Usaflex,Marrom,Dafiti,Sandália Feminina Usaflex Salto Médio Marrom,"Calçados,Calçados Femininos,Tamanco","R$ 229,99","R$ 142,99","R$ 152,12",2x
Luiza Barcelos,Marrom,Dafiti,Sandália Luiza Barcelos Couro Salto Bloc...,"Calçados,Calçados Femininos,Sandálias,Sandália Salto Grosso","R$ 859,90","R$ 429,99","R$ 457,44",5x
Modare,Marrom,Dafiti,Scarpin Feminino Modare Salto Bloco Marrom,"Calçados,Calçados Femininos,Scarpin","R$ 149,99","R$ 99,99","R$ 106,37",1x
Osklen,Off-white,Dafiti,Tênis Osklen Textil Off-White,"Calçados,Calçados Femininos,Tênis,Tênis Casual","R$ 547,00","R$ 289,99","R$ 308,50",5x
Modare,Verde,Dafiti,Sandália Flatform Modare Fivelas Verde,"Calçados,Calçados Femininos,Sandálias,Sandália Plataforma","R$ 149,99","R$ 109,99","R$ 117,01",1x
Moleca,Preto,Dafiti,Rasteira Feminina Moleca Tiras Cruzadas Preta,"Calçados,Calçados Femininos,Rasteirinhas","R$ 159,90","R$ 89,99","R$ 95,73",1x
Asics,Azul,Dafiti,Tênis Feminino Asics Raiden 5 Azul,"Calçados,Calçados Femininos,Tênis,Tênis Casual","R$ 379,99","R$ 299,99","R$ 319,14",5x
Modare,Marrom,Dafiti,Bota Feminina Modare Cano Baixo Rebites Marrom,"Calçados,Calçados Femininos,Botas,Bota Cano Curto","R$ 279,90","R$ 139,99","R$ 148,93",2x
Moleca,Nude,Dafiti,Rasteira Feminina Moleca Tiras Trançadas Nude,"Calçados,Calçados Femininos,Rasteirinhas","R$ 139,90","R$ 89,99","R$ 95,73",1x
Vizzano,Preto,Dafiti,Sandália Feminina Vizzano Plataforma Tachas Preta,"Calçados,Calçados Femininos,Sandálias,Sandália Plataforma","R$ 199,90","R$ 159,99","R$ 170,20",2x
Vizzano,Branco,Dafiti,Tênis Feminino Vizzano Casual Branco,"Calçados,Calçados Femininos,Tênis,Tênis Casual","R$ 169,90","R$ 109,99","R$ 117,01",1x
Jorge Bischoff,Marrom,Dafiti,Sandália Feminina Jorge Bischoff Couro S...,"Calçados,Calçados Femininos,Sandálias,Sandália Salto Grosso","R$ 599,00","R$ 319,99","R$ 340,41",5x
Santa Lolla,Grafite,Dafiti,Rasteira Feminina Santa Lolla Tiras Fina...,"Calçados,Calçados Femininos,Rasteirinhas","R$ 199,90","R$ 129,99","R$ 138,29",2x
Moleca,Marrom,Dafiti,Sandália Feminina Moleca Plataforma Marrom,"Calçados,Calçados Femininos,Sandálias,Sandália Plataforma","R$ 179,90","R$ 119,99","R$ 127,65",2x
Vizzano,Marrom,Dafiti,Scarpin Feminino Vizzano Salto Médio Marrom,"Calçados,Calçados Femininos,Scarpin","R$ 159,90","R$ 114,99","R$ 122,33",2x
Beira Rio,Preto,Dafiti,Bota Feminina Beira Rio Cano Baixo Salto...,"Calçados,Calçados Femininos,Botas,Bota Cano Curto","R$ 219,99","R$ 94,99","R$ 101,05",1x
Arezzo,Marrom,Dafiti,Tênis Feminino Arezzo Cadarço Marrom,"Calçados,Calçados Femininos,Tênis,Tênis Casual","R$ 399,90","R$ 199,99","R$ 212,76",3x
Arezzo,Marrom,Dafiti,Bota Feminina Arezzo Cano Curto Couro Ca...,"Calçados,Calçados Femininos,Botas,Bota Cano Curto","R$ 659,90","R$ 329,99","R$ 351,05",5x
Luiza Barcelos,Marrom,Dafiti,Rasteira Feminina Luiza Barcelos Couro C...,"Calçados,Calçados Femininos,Rasteirinhas","R$ 599,90","R$ 563,90","R$ 599,89",5x
Beira Rio,Nude,Dafiti,Sandália Feminina Beira Rio Salto Bloco Nude,"Calçados,Calçados Femininos,Sandálias","R$ 129,90","R$ 84,99","R$ 90,41",1x
Modare,Marrom,Dafiti,Sandália Feminina Modare Salto Bloco Marrom,"Calçados,Calçados Femininos,Tamanco","R$ 159,90","R$ 94,99","R$ 101,05",1x
Luiza Barcelos,Marrom,Dafiti,Mocassim Luiza Barcelos Liso Marrom,"Calçados,Calçados Femininos,Mocassim","R$ 599,90","R$ 299,99","R$ 319,14",5x
Anacapri,Branco,Dafiti,Tênis Anacapri Recortes Branco,"Calçados,Calçados Femininos,Tênis,Tênis Casual","R$ 269,99","R$ 253,79","R$ 269,99",4x
Anacapri,Cinza,Dafiti,Tênis Feminino Anacapri Slip On Cinza,"Calçados,Calçados Femininos,Tênis,Tênis Casual","R$ 229,90","R$ 184,99","R$ 196,80",3x
Capodarte,Caramelo,Dafiti,Bota Feminina Capodarte Cano Curto Couro Caramelo,"Calçados,Calçados Femininos,Botas,Bota Cano Curto","R$ 689,99","R$ 449,99","R$ 478,71",5x
Moleca,Off-white,Dafiti,Sapatilha Feminina Moleca Laço Off-White,"Calçados,Calçados Femininos,Sapatilhas,Sapatilha Bico Redondo","R$ 69,90","R$ 38,99","R$ 41,48",1x
Santa Lolla,Marrom,Dafiti,Rasteira Feminina Santa Lolla Frente Lisa Marrom,"Calçados,Calçados Femininos,Rasteirinhas","R$ 169,99","R$ 99,99","R$ 106,37",1x
Luiza Barcelos,Preto,Dafiti,Sandália Luiza Barcelos Plataforma Couro Preta,"Calçados,Calçados Femininos,Sandálias,Sandália Plataforma","R$ 999,90","R$ 499,99","R$ 531,90",5x
Melissa,Preto,Dafiti,Sandália Feminina Melissa Tiras Salto Mé...,"Calçados,Calçados Femininos,Tamanco","R$ 249,90","R$ 234,90","R$ 249,89",4x
Santa Lolla,Bege,Dafiti,Tênis Feminino Santa Lolla Cano Baixo Bege,"Calçados,Calçados Femininos,Tênis,Tênis Casual","R$ 189,99","R$ 139,99","R$ 148,93",2x
Dakota,Marrom,Dafiti,Tênis Feminino Dakota Cano Baixo Marrom,"Calçados,Calçados Femininos,Tênis,Tênis Casual","R$ 329,99","R$ 199,99","R$ 212,76",3x
Asics,Branco,Dafiti,Tênis Feminino Asics Gel Kayano 12.1 Branco,"Calçados,Calçados Femininos,Tênis,Tênis Casual","R$ 1.199,99","R$ 1.127,98","R$ 1.199,98",5x
Moleca,Caramelo,Dafiti,Bota Feminina Moleca Cano Baixo Caramelo,"Calçados,Calçados Femininos,Botas,Bota Cano Curto","R$ 239,90","R$ 114,99","R$ 122,33",2x
Moleca,Nude,Dafiti,Sapatilha Moleca Têxtil Nude,"Calçados,Calçados Femininos,Sapatilhas,Sapatilha Bico Redondo,Alpargatas","R$ 49,99","R$ 37,99","R$ 40,41",1x
Modare,Verde,Dafiti,Tênis Feminino Modare Knit Verde Oliva,"Calçados,Calçados Femininos,Tênis,Tênis Casual","R$ 209,90","R$ 129,99","R$ 138,29",2x
Via Marte,Preto,Dafiti,Sandália Feminina Via Marte Salto Baixo ...,"Calçados,Calçados Femininos,Sandálias,Sandália Salto Grosso","R$ 199,99","R$ 109,99","R$ 117,01",1x
Arezzo,Nude,Dafiti,Sapatilha Feminina Arezzo Laço Matelassê Nude,"Calçados,Calçados Femininos,Sapatilhas,Sapatilha Bico Fino","R$ 169,90","R$ 159,70","R$ 169,89",2x
Arezzo,Branco,Dafiti,Scarpin Feminino Arezzo Salto Bloco Bicolor Branco,"Calçados,Calçados Femininos,Scarpin","R$ 399,90","R$ 375,90","R$ 399,89",5x
Vizzano,Marrom,Dafiti,Scarpin Vizzano Texturizado Salto Bloco Marrom,"Calçados,Calçados Femininos,Scarpin","R$ 179,99","R$ 114,99","R$ 122,33",2x
Via Marte,Preto,Dafiti,Bota Feminina Via Marte Cano Médio Salto...,"Calçados,Calçados Femininos,Botas,Bota Cano Curto","R$ 299,99","R$ 182,99","R$ 194,67",3x
Lança Perfume,Marrom,Dafiti,Bota Feminina Lança Perfume Cano Longo F...,"Calçados,Calçados Femininos,Botas,Bota Montaria e Cano Longo","R$ 693,00","R$ 329,99","R$ 351,05",5x
Bottero,Vermelho,Dafiti,Sandália Feminina Bottero Salto Bloco Ti...,"Calçados,Calçados Femininos,Sandálias,Sandália Salto Grosso","R$ 289,99","R$ 164,99","R$ 175,52",2x
Anacapri,Caramelo,Dafiti,Tênis Anacapri Recortes Caramelo,"Calçados,Calçados Femininos,Tênis,Tênis Casual","R$ 319,99","R$ 164,90","R$ 175,43",2x
Bottero,Marrom,Dafiti,Sandália Feminina Bottero Salto Bloco Marrom,"Calçados,Calçados Femininos,Sandálias,Sandália Salto Grosso","R$ 289,99","R$ 164,99","R$ 175,52",2x
Arezzo,Caramelo,Dafiti,Tênis Feminino Arezzo Cadarço Caramelo,"Calçados,Calçados Femininos,Tênis,Tênis Casual","R$ 399,90","R$ 375,90","R$ 399,89",5x
Via Marte,Preto,Dafiti,Tênis Feminino Via Marte Casual Preto,"Calçados,Calçados Femininos,Tênis,Tênis Casual","R$ 199,99","R$ 109,99","R$ 117,01",1x
Vizzano,Marrom,Dafiti,Sandália Feminina Vizzano Salto Bloco Ti...,"Calçados,Calçados Femininos,Sandálias,Sandália Salto Grosso","R$ 199,90","R$ 144,99","R$ 154,24",2x
Bottero,Branco,Dafiti,Sandália Feminina Bottero Salto Anabela Branca,"Calçados,Calçados Femininos,Sandálias,Sandália Anabela","R$ 269,99","R$ 149,99","R$ 159,56",2x
Jorge Bischoff,Preto,Dafiti,Sandália Jorge Bischoff Salto Bloco Couro Preta,"Calçados,Calçados Femininos,Sandálias,Sandália Salto Grosso","R$ 649,00","R$ 279,99","R$ 297,86",4x
Moleca,Preto,Dafiti,Rasteira Feminina Moleca Tira Trançada C...,"Calçados,Calçados Femininos,Rasteirinhas","R$ 119,90","R$ 74,99","R$ 79,78",1x
Beira Rio,Bege,Dafiti,Sandália Feminina Beira Rio Salto Médio ...,"Calçados,Calçados Femininos,Sandálias,Sandália Salto Fino","R$ 139,90","R$ 89,99","R$ 95,73",1x
Luiza Barcelos,Preto,Dafiti,Rasteira Feminina Luiza Barcelos Tiras T...,"Calçados,Calçados Femininos,Rasteirinhas","R$ 299,90","R$ 169,99","R$ 180,84",3x
Asics,Preto,Dafiti,Tênis Asics Gel Shogun 8 Preto,"Calçados,Calçados Femininos,Tênis,Tênis Casual","R$ 549,99","R$ 329,99","R$ 351,05",5x
Vizzano,Preto,Dafiti,Rasteira Flatform Vizzano Tira Hotfix Preta,"Calçados,Calçados Femininos,Rasteirinhas","R$ 119,99","R$ 66,99","R$ 71,27",1x
Moleca,Nude,Dafiti,Mule Feminino Moleca Fivela Sintético Nude,"Calçados,Calçados Femininos,Mocassim","R$ 149,99","R$ 79,99","R$ 85,10",1x
Asics,Rosa,Dafiti,Tênis Feminino Asics Gel Venture 11 Rosa,"Calçados,Calçados Femininos,Tênis,Tênis Casual","R$ 599,99","R$ 406,39","R$ 432,33",5x
Moleca,Preto,Dafiti,Sandália Feminina Moleca Tiras Fivela Preta,"Calçados,Calçados Femininos,Sandálias,Sandália Plataforma","R$ 189,90","R$ 129,99","R$ 138,29",2x
Melissa,Azul,Dafiti,Tênis Feminino Melissa Cano Baixo Azul,"Calçados,Calçados Femininos,Tênis,Tênis Casual","R$ 499,90","R$ 469,90","R$ 499,89",5x
Santa Lolla,Caramelo,Dafiti,Rasteira Feminina Santa Lolla Trançada A...,"Calçados,Calçados Femininos,Rasteirinhas","R$ 199,90","R$ 109,99","R$ 117,01",1x
Santa Lolla,Preto,Dafiti,Sandália Feminina Santa Lolla Couro Salt...,"Calçados,Calçados Femininos,Sandálias,Sandália Salto Fino","R$ 369,90","R$ 269,99","R$ 287,22",4x
Fila,Preto,Dafiti,Tênis Feminino Fila Speed Lite Preto,"Calçados,Calçados Femininos,Tênis,Tênis Casual","R$ 379,99","R$ 299,99","R$ 319,14",5x
Moleca,Branco,Dafiti,Tênis Feminino Moleca Casual Branco,"Calçados,Calçados Femininos,Tênis,Tênis Casual","R$ 199,90","R$ 129,99","R$ 138,29",2x
Mississipi,Preto,Dafiti,Bota Feminina Mississipi Cano Baixo Preta,"Calçados,Calçados Femininos,Botas,Bota Cano Curto","R$ 179,99","R$ 94,99","R$ 101,05",1x
Capodarte,Bege,Dafiti,Tênis Feminino Capodarte Couro Bege,"Calçados,Calçados Femininos,Tênis,Tênis Casual","R$ 499,99","R$ 469,99","R$ 499,99",5x
Vizzano,Preto,Dafiti,Scarpin Feminino Vizzano Salto Alto Preto,"Calçados,Calçados Femininos,Scarpin","R$ 149,90","R$ 104,99","R$ 111,69",1x
Arezzo,Branco,Dafiti,Sandália Feminina Arezzo Couro Salto Ana...,"Calçados,Calçados Femininos,Sandálias,Sandália Anabela","R$ 399,90","R$ 375,90","R$ 399,89",5x
Moleca,Marrom,Dafiti,Bota Feminina Moleca Cano Baixo Marrom,"Calçados,Calçados Femininos,Botas,Bota Cano Curto","R$ 169,90","R$ 84,99","R$ 90,41",1x
Santa Lolla,Bege,Dafiti,Tênis Feminino Santa Lolla Cano Baixo Bege,"Calçados,Calçados Femininos,Tênis,Tênis Casual","R$ 199,90","R$ 139,99","R$ 148,93",2x
Vizzano,Preto,Dafiti,Tênis Feminino Vizzano Casual Preto,"Calçados,Calçados Femininos,Tênis,Tênis Casual","R$ 179,90","R$ 104,99","R$ 111,69",1x
Mooncity,Preto,Dafiti,Bota Chelsea Mooncity Cano Baixo Preta,"Calçados,Calçados Femininos,Botas,Bota Cano Curto","R$ 139,99","R$ 74,99","R$ 79,78",1x
Moleca,Nude,Dafiti,Tênis Moleca Liso Nude,"Calçados,Calçados Femininos,Tênis,Tênis Casual","R$ 89,99","R$ 49,99","R$ 53,18",1x
Santa Lolla,Bordô,Dafiti,Sandália Santa Lolla Couro Salto Alto Bordô,"Calçados,Calçados Femininos,Tamanco","R$ 299,90","R$ 189,99","R$ 202,12",3x
Anacapri,Marrom,Dafiti,Rasteira Feminina Anacapri Tiras Cruzada...,"Calçados,Calçados Femininos,Rasteirinhas","R$ 149,90","R$ 74,90","R$ 79,68",1x
Capodarte,Branco,Dafiti,Sandália Feminina Capodarte Anabela Couro Branca,"Calçados,Calçados Femininos,Sandálias,Sandália Anabela","R$ 590,00","R$ 379,99","R$ 404,24",5x
VIA UNO,Marrom,Dafiti,Sandália Feminina VIA UNO Salto Anabela ...,"Calçados,Calçados Femininos,Sandálias","R$ 129,99","R$ 79,99","R$ 85,10",1x
Arezzo,Preto,Dafiti,Tênis Feminino Arezzo Cadarço Preto,"Calçados,Calçados Femininos,Tênis,Tênis Casual","R$ 359,90","R$ 338,30","R$ 359,89",5x
Moleca,Verde,Dafiti,Tênis Feminino Moleca Casual Verde,"Calçados,Calçados Femininos,Tênis,Tênis Casual","R$ 79,90","R$ 46,99","R$ 49,99",1x
Anacapri,Vermelho,Dafiti,Sapatilha Feminina ANACAPRI Bico Fino Vermelha,"Calçados,Calçados Femininos,Sapatilhas,Sapatilha Bico Fino","R$ 179,90","R$ 139,99","R$ 148,93",2x
Vizzano,Branco,Dafiti,Sandália Feminina Vizzano Salto Alto Pla...,"Calçados,Calçados Femininos,Sandálias,Sandália Plataforma","R$ 199,90","R$ 144,99","R$ 154,24",2x
Luiza Barcelos,Marrom,Dafiti,Rasteira Feminina Luiza Barcelos Tiras F...,"Calçados,Calçados Femininos,Rasteirinhas","R$ 459,90","R$ 149,99","R$ 159,56",2x
Beira Rio,Caramelo,Dafiti,Rasteira Feminina Beira Rio Tiras com Ta...,"Calçados,Calçados Femininos,Rasteirinhas","R$ 149,90","R$ 99,99","R$ 106,37",1x
Vizzano,Caramelo,Dafiti,Sandália Feminina Vizzano Plataforma Sue...,"Calçados,Calçados Femininos,Sandálias,Sandália Plataforma","R$ 209,90","R$ 149,99","R$ 159,56",2x
Santa Lolla,Prata,Dafiti,Sandália Feminina Santa Lolla Salto Baix...,"Calçados,Calçados Femininos,Sandálias,Sandália Salto Grosso","R$ 249,90","R$ 139,99","R$ 148,93",2x
Jorge Bischoff,Azul Marinho,Dafiti,Sandália Jorge Bischoff Salto Geométrico...,"Calçados,Calçados Femininos,Sandálias,Sandália Salto Grosso","R$ 599,00","R$ 269,99","R$ 287,22",4x
Vizzano,Branco,Dafiti,Sandália Feminina Vizzano Salto Médio Ti...,"Calçados,Calçados Femininos,Sandálias,Sandália Salto Fino","R$ 189,90","R$ 139,99","R$ 148,93",2x
Moleca,Off-white,Dafiti,Sapatilha Feminina Moleca Laço Texturiza...,"Calçados,Calçados Femininos,Sapatilhas,Sapatilha Bico Redondo","R$ 69,99","R$ 35,99","R$ 38,29",1x
Santa Lolla,Branco,Dafiti,Tênis Santa Lolla Recortes Branco,"Calçados,Calçados Femininos,Tênis,Tênis Casual","R$ 229,90","R$ 109,99","R$ 117,01",1x
Arezzo,Preto,Dafiti,Sandália Média Arezzo Faixa Frontal Salt...,"Calçados,Calçados Femininos,Sandálias","R$ 379,99","R$ 357,19","R$ 379,99",5x
Santa Lolla,Caramelo,Dafiti,Rasteira Santa Lolla Transpassada Hotfix Caramelo,"Calçados,Calçados Femininos,Rasteirinhas","R$ 249,90","R$ 189,99","R$ 202,12",3x
Bottero,Marrom,Dafiti,Mocassim Feminino Bottero Couro Tratorado Caramelo,"Calçados,Calçados Femininos,Mocassim","R$ 329,99","R$ 189,99","R$ 202,12",3x
Vizzano,Bronze,Dafiti,Sandália Feminina Vizzano Salto Médio Ge...,"Calçados,Calçados Femininos,Tamanco","R$ 139,99","R$ 79,99","R$ 85,10",1x
Anacapri,Verde,Dafiti,Tênis Feminino Anacapri Knit Verde,"Calçados,Calçados Femininos,Tênis,Tênis Casual","R$ 249,90","R$ 139,99","R$ 148,93",2x
Beira Rio,Caramelo,Dafiti,Sandália Feminina Beira Rio Plataforma T...,"Calçados,Calçados Femininos,Sandálias,Sandália Plataforma","R$ 179,90","R$ 109,99","R$ 117,01",1x
Luiza Barcelos,Dourado,Dafiti,Rasteira Feminina Luiza Barcelos Metaliz...,"Calçados,Calçados Femininos,Rasteirinhas","R$ 299,90","R$ 174,99","R$ 186,16",3x
Vizzano,Bordô,Dafiti,Scarpin Vizzano Salto Quadrado Fivela Bordô,"Calçados,Calçados Femininos,Scarpin","R$ 179,99","R$ 114,99","R$ 122,33",2x
Arezzo,Prata,Dafiti,Sapatilha Feminina Arezzo Laço Metálica Prata,"Calçados,Calçados Femininos,Sapatilhas,Sapatilha Bico Fino","R$ 199,90","R$ 187,90","R$ 199,89",3x
Vizzano,Off-white,Dafiti,Sandália Feminina Vizzano Salto Médio Ta...,"Calçados,Calçados Femininos,Tamanco","R$ 179,90","R$ 129,99","R$ 138,29",2x
Santa Lolla,Marrom,Dafiti,Rasteira Feminina Santa Lolla Textura Croco Marrom,"Calçados,Calçados Femininos,Rasteirinhas","R$ 299,90","R$ 239,99","R$ 255,31",4x
Beira Rio,Marrom,Dafiti,Sandália Feminina Beira Rio Salto Médio Marrom,"Calçados,Calçados Femininos,Tamanco","R$ 109,90","R$ 74,99","R$ 79,78",1x
Vizzano,Cinza,Dafiti,Tênis Feminino Vizzano Casual Cinza,"Calçados,Calçados Femininos,Tênis,Tênis Casual","R$ 229,90","R$ 144,99","R$ 154,24",2x
Anacapri,Dourado,Dafiti,Rasteira Feminina Anacapri Tiras Cruzadas Dourada,"Calçados,Calçados Femininos,Rasteirinhas","R$ 139,90","R$ 79,99","R$ 85,10",1x
Lança Perfume,Off-white,Dafiti,Sandália Feminina Lança Perfume Salto Fi...,"Calçados,Calçados Femininos,Tamanco","R$ 1.087,00","R$ 479,99","R$ 510,63",5x
Anacapri,Preto,Dafiti,Rasteira Anacapri Aplicações Preta,"Calçados,Calçados Femininos,Rasteirinhas","R$ 139,99","R$ 94,99","R$ 101,05",1x
Moleca,Off-white,Dafiti,Rasteira Feminina Moleca Tiras Ajustávei...,"Calçados,Calçados Femininos,Rasteirinhas","R$ 129,90","R$ 89,99","R$ 95,73",1x
DAFITI SHOES,Branco,Dafiti,Sandália Dafiti Shoes Tiras Com Aplicaçã...,"Calçados,Calçados Femininos,Sandálias,Sandália Salto Grosso","R$ 189,99","R$ 99,99","R$ 106,37",1x
Ramarim,Bege,Dafiti,Tênis Feminino Ramarim Cano Baixo Bege,"Calçados,Calçados Femininos,Tênis,Tênis Casual","R$ 309,90","R$ 204,99","R$ 218,07",3x
Arezzo,Marrom,Dafiti,Sandália Feminina Arezzo Salto Anabela C...,"Calçados,Calçados Femininos,Sandálias,Sandália Anabela","R$ 459,90","R$ 229,99","R$ 244,67",4x
Vizzano,Preto,Dafiti,Bota Western Vizzano Cano Baixo Preta,"Calçados,Calçados Femininos,Botas,Bota Cano Curto","R$ 319,99","R$ 174,99","R$ 186,16",3x
Anacapri,Marrom,Dafiti,Rasteira Feminina ANACAPRI Fivela Marrom,"Calçados,Calçados Femininos,Rasteirinhas","R$ 199,90","R$ 169,99","R$ 180,84",3x
Fila,Branco,Dafiti,Tênis Feminino Fila Jogger 95 Branco,"Calçados,Calçados Femininos,Tênis,Tênis Casual","R$ 329,99","R$ 269,99","R$ 287,22",4x
Jorge Bischoff,Marrom,Dafiti,Sandália Feminina Jorge Bischoff Couro S...,"Calçados,Calçados Femininos,Sandálias,Sandália Salto Grosso","R$ 689,00","R$ 309,99","R$ 329,78",5x
Santa Lolla,Preto,Dafiti,Scarpin Slingback Santa Lolla Tiras Preto,"Calçados,Calçados Femininos,Scarpin","R$ 269,99","R$ 144,99","R$ 154,24",2x
Santa Lolla,Marrom,Dafiti,Sandália Feminina Santa Lolla Plataforma...,"Calçados,Calçados Femininos,Sandálias,Sandália Plataforma","R$ 329,99","R$ 289,99","R$ 308,50",5x
Santa Lolla,Bege,Dafiti,Tênis Feminino Santa Lolla Bege,"Calçados,Calçados Femininos,Tênis,Tênis Casual","R$ 289,90","R$ 164,99","R$ 175,52",2x
Anacapri,Bege,Dafiti,Tênis Feminino ANACAPRI Recortes Bege,"Calçados,Calçados Femininos,Tênis,Tênis Casual","R$ 279,90","R$ 219,99","R$ 234,03",3x
Melissa,Bege,Dafiti,Kit Rasteira e Bolsa Feminina Melissa De...,"Calçados,Calçados Femininos,Rasteirinhas","R$ 169,90","R$ 159,70","R$ 169,89",2x
Arezzo,Preto,Dafiti,Sandália Baixa Arezzo Tiras Entrelaçada...,"Calçados,Calçados Femininos,Sandálias","R$ 279,99","R$ 263,19","R$ 279,99",4x
New Balance,Bege,Dafiti,Tênis Unissex New Balance 480 Low Bege,"Calçados,Calçados Femininos,Tênis,Tênis Casual,Calçados Masculinos,Tênis,Tênis Casual","R$ 549,99","R$ 419,99","R$ 446,80",5x
Beira Rio,Caramelo,Dafiti,Scarpin Feminino Beira Rio Salto Bloco Caramelo,"Calçados,Calçados Femininos,Scarpin","R$ 169,99","R$ 84,99","R$ 90,41",1x
Arezzo,Marrom,Dafiti,Scarpin Feminino Arezzo Salto Alto Couro Marrom,"Calçados,Calçados Femininos,Scarpin","R$ 439,90","R$ 413,50","R$ 439,89",5x
Beira Rio,Marrom,Dafiti,Rasteira Feminina Beira Rio Slide Fivelas Marrom,"Calçados,Calçados Femininos,Rasteirinhas","R$ 129,90","R$ 79,99","R$ 85,10",1x
Luiza Barcelos,Marrom,Dafiti,Rasteira Feminina Luiza Barcelos Couro T...,"Calçados,Calçados Femininos,Rasteirinhas","R$ 859,90","R$ 441,99","R$ 470,20",5x
Beira Rio,Preto,Dafiti,Sandália Feminina Beira Rio Salto Fino T...,"Calçados,Calçados Femininos,Tamanco","R$ 129,90","R$ 84,99","R$ 90,41",1x
Moleca,Branco,Dafiti,Sapatilha Feminina Moleca Ponta Redonda ...,"Calçados,Calçados Femininos,Sapatilhas,Sapatilha Bico Redondo","R$ 69,90","R$ 39,99","R$ 42,54",1x
Vizzano,Preto,Dafiti,Sandália Feminina Vizzano Plataforma Zeb...,"Calçados,Calçados Femininos,Sandálias,Sandália Anabela","R$ 179,90","R$ 114,99","R$ 122,33",2x
Melissa,Marrom,Dafiti,Rasteira Feminina Melissa Fechada Marrom,"Calçados,Calçados Femininos,Rasteirinhas","R$ 149,90","R$ 140,90","R$ 149,89",2x
Jorge Bischoff,Vermelho,Dafiti,Sandália Feminina Jorge Bischoff Salto A...,"Calçados,Calçados Femininos,Sandálias,Sandália Salto Grosso","R$ 599,00","R$ 279,99","R$ 297,86",4x
Vicenza,Marrom,Dafiti,Rasteira Fechada Vicenza Bico Redondo Marrom,"Calçados,Calçados Femininos,Rasteirinhas","R$ 745,00","R$ 389,99","R$ 414,88",5x
Vizzano,Marrom,Dafiti,Rasteira Feminina Vizzano Tachas Marrom,"Calçados,Calçados Femininos,Rasteirinhas","R$ 149,90","R$ 104,99","R$ 111,69",1x
Beira Rio,Preto,Dafiti,Mule Feminino Beira Rio Bico Fino Preto,"Calçados,Calçados Femininos,Mocassim","R$ 99,90","R$ 64,99","R$ 69,14",1x
Bebecê,Preto,Dafiti,Sandália Feminina Bebecê Salto Bloco Preta,"Calçados,Calçados Femininos,Sandálias,Sandália Salto Grosso","R$ 179,99","R$ 109,99","R$ 117,01",1x
Vizzano,Marrom,Dafiti,Sapatilha Feminina Vizzano Bico Fino Marrom,"Calçados,Calçados Femininos,Sapatilhas,Sapatilha Bico Fino","R$ 109,99","R$ 79,99","R$ 85,10",1x
Vizzano,Caramelo,Dafiti,Sandália Feminina Vizzano Salto Médio Tê...,"Calçados,Calçados Femininos,Tamanco","R$ 169,90","R$ 124,99","R$ 132,97",2x
Modare,Caramelo,Dafiti,Tamanco Modare Enfeite Pedraria Caramelo,"Calçados,Calçados Femininos,Tamanco","R$ 149,90","R$ 84,99","R$ 90,41",1x
Anacapri,Marrom,Dafiti,Scarpin Feminino ANACAPRI Salto Baixo Bi...,"Calçados,Calçados Femininos,Scarpin","R$ 269,90","R$ 209,99","R$ 223,39",3x
Santa Lolla,Nude,Dafiti,Tamanco Anabela Santa Lolla Thong Nude,"Calçados,Calçados Femininos,Tamanco","R$ 269,90","R$ 209,99","R$ 223,39",3x
Arezzo,Preto,Dafiti,Rasteira Fechada Arezzo Verniz Preta,"Calçados,Calçados Femininos,Rasteirinhas","R$ 159,99","R$ 150,39","R$ 159,99",2x
Vizzano,Preto,Dafiti,Sandália Feminina Vizzano Salto Alto Tir...,"Calçados,Calçados Femininos,Sandálias,Sandália Salto Grosso","R$ 179,90","R$ 129,99","R$ 138,29",2x
Via Mia,Vermelho,Dafiti,Sapatilha Via Mia Lisa Vermelha,"Calçados,Calçados Femininos,Sapatilhas,Sapatilha Bico Redondo","R$ 99,99","R$ 59,99","R$ 63,82",1x
Moleca,Preto,Dafiti,Rasteira Moleca Fivelas Douradas Preta,"Calçados,Calçados Femininos,Rasteirinhas","R$ 139,90","R$ 94,99","R$ 101,05",1x
Capodarte,Marrom,Dafiti,Sapatilha Feminina Capodarte Matelassê C...,"Calçados,Calçados Femininos,Sapatilhas,Sapatilha Bico Redondo","R$ 409,99","R$ 279,99","R$ 297,86",4x
VIA UNO,Caramelo,Dafiti,Tênis Feminino VIA UNO Casual Cano Baixo Caramelo,"Calçados,Calçados Femininos,Tênis,Tênis Casual","R$ 139,99","R$ 84,99","R$ 90,41",1x
Via Mia,Bege,Dafiti,Sandália Via Mia Tressê Bege,"Calçados,Calçados Femininos,Sandálias","R$ 219,99","R$ 124,99","R$ 132,97",2x
Santa Lolla,Marrom,Dafiti,Sapatilha Feminina Santa Lolla Laço Marrom,"Calçados,Calçados Femininos,Sapatilhas,Sapatilha Bico Redondo","R$ 229,90","R$ 134,99","R$ 143,61",2x
Moleca,Bege,Dafiti,Sapatilha Moleca Perfuros Bege,"Calçados,Calçados Femininos,Sapatilhas,Sapatilha Bico Redondo","R$ 69,99","R$ 43,99","R$ 46,80",1x
Modare,Verde,Dafiti,Sandália Modare Pedraria Verde,"Calçados,Calçados Femininos,Sandálias,Sandália Salto Grosso","R$ 129,99","R$ 84,99","R$ 90,41",1x
Beira Rio,Branco,Dafiti,Sapatilha Feminina Beira Rio Detalhe Fivela Branco,"Calçados,Calçados Femininos,Sapatilhas,Sapatilha Bico Fino","R$ 99,90","R$ 59,99","R$ 63,82",1x
Moleca,Nude,Dafiti,Sapatilha Feminina Moleca Texturizada Laço Nude,"Calçados,Calçados Femininos,Sapatilhas,Sapatilha Bico Fino","R$ 89,99","R$ 40,99","R$ 43,61",1x
Bottero,Marrom,Dafiti,Sandália Feminina Bottero Salto Médio Marrom,"Calçados,Calçados Femininos,Sandálias,Sandália Plataforma","R$ 339,99","R$ 189,99","R$ 202,12",3x
adidas Originals,Verde,Dafiti,Tênis Feminino adidas Originals Tokyo W Verde,"Calçados,Calçados Femininos,Tênis,Tênis Casual","R$ 699,99","R$ 657,98","R$ 699,98",5x
Vizzano,Preto,Dafiti,Scarpin Feminino Vizzano Salto Médio Preto,"Calçados,Calçados Femininos,Scarpin","R$ 159,90","R$ 114,99","R$ 122,33",2x
Capodarte,Marrom,Dafiti,Sandália Capodarte Couro Salto Bloco Marrom,"Calçados,Calçados Femininos,Tamanco","R$ 320,00","R$ 219,99","R$ 234,03",3x
Santa Lolla,Preto,Dafiti,Sandália Feminina Santa Lolla Tiras Strass Preta,"Calçados,Calçados Femininos,Sandálias,Sandália Salto Fino","R$ 249,90","R$ 184,99","R$ 196,80",3x
Via Mia,Preto,Dafiti,Rasteira Slide Via Mia Croco Preta,"Calçados,Calçados Femininos,Rasteirinhas","R$ 79,99","R$ 46,99","R$ 49,99",1x
Vizzano,Preto,Dafiti,Rasteira Feminina Vizzano Fivelas Preta,"Calçados,Calçados Femininos,Rasteirinhas","R$ 119,90","R$ 64,99","R$ 69,14",1x
Melissa,Marrom,Dafiti,Rasteira Aberta Feminina Melissa Tiras C...,"Calçados,Calçados Femininos,Rasteirinhas","R$ 219,90","R$ 206,70","R$ 219,89",3x
Usaflex,Bege,Dafiti,Sandália Feminina Usaflex Salto Anabela ...,"Calçados,Calçados Femininos,Sandálias","R$ 229,99","R$ 119,99","R$ 127,65",2x
Luiza Barcelos,Bege,Dafiti,Mocassim Feminino Luiza Barcelos Couro Laço Bege,"Calçados,Calçados Femininos,Mocassim","R$ 699,90","R$ 657,90","R$ 699,89",5x
Arezzo,Dourado,Dafiti,Scarpin Feminino Arezzo Couro Slingback ...,"Calçados,Calçados Femininos,Scarpin","R$ 439,90","R$ 413,50","R$ 439,89",5x
Santa Lolla,Bege,Dafiti,Rasteira Feminina Santa Lolla Trançada A...,"Calçados,Calçados Femininos,Rasteirinhas","R$ 199,90","R$ 134,99","R$ 143,61",2x
Via Mia,Bege,Dafiti,Sapatilha Via Mia Marmorizada Bege,"Calçados,Calçados Femininos,Sapatilhas,Sapatilha Bico Redondo","R$ 99,99","R$ 59,99","R$ 63,82",1x
Santa Lolla,Vinho,Dafiti,Tênis Feminino Santa Lolla Cano Baixo Vinho,"Calçados,Calçados Femininos,Tênis,Tênis Casual","R$ 329,90","R$ 199,99","R$ 212,76",3x
Bottero,Off-white,Dafiti,Mocassim Feminino Bottero Recortes Vazad...,"Calçados,Calçados Femininos,Mocassim","R$ 289,99","R$ 189,99","R$ 202,12",3x
Moleca,Preto,Dafiti,Sandália Feminina Moleca Salto Anabela Preta,"Calçados,Calçados Femininos,Sandálias,Sandália Anabela","R$ 129,90","R$ 69,99","R$ 74,46",1x
Bottero,Marrom,Dafiti,Rasteira Feminina Bottero Duas Tiras Fivela Marrom,"Calçados,Calçados Femininos,Rasteirinhas","R$ 369,99","R$ 184,99","R$ 196,80",3x
Santa Lolla,Preto,Dafiti,Rasteira Feminina Santa Lolla Esferas Preta,"Calçados,Calçados Femininos,Rasteirinhas","R$ 129,90","R$ 99,99","R$ 106,37",1x
Moleca,Preto,Dafiti,Bota Feminina Moleca Cano Baixo Preta,"Calçados,Calçados Femininos,Botas,Bota Cano Curto","R$ 169,90","R$ 113,99","R$ 121,27",2x
Moleca,Bege,Dafiti,Tênis Feminino Moleca Cano Médio Bege,"Calçados,Calçados Femininos,Tênis,Tênis Casual","R$ 239,90","R$ 139,99","R$ 148,93",2x
Melissa,Preto,Dafiti,Chinelo Feminino Melissa Fever Zebra Preto,"Calçados,Calçados Femininos,Chinelos","R$ 149,90","R$ 140,90","R$ 149,89",2x
Santa Lolla,Marrom,Dafiti,Scarpin Santa Lolla Salto Alto Bico Fino Marrom,"Calçados,Calçados Femininos,Scarpin","R$ 249,90","R$ 159,99","R$ 170,20",2x
Arezzo,Bege,Dafiti,Mocassim Feminino Arezzo Couro Bege,"Calçados,Calçados Femininos,Mocassim","R$ 499,90","R$ 469,90","R$ 499,89",5x
Santa Lolla,Preto,Dafiti,Scarpin Feminino Santa Lolla Salto Alto Preto,"Calçados,Calçados Femininos,Scarpin","R$ 249,90","R$ 159,99","R$ 170,20",2x
Santa Lolla,Preto,Dafiti,Sandália Feminina Santa Lolla Couro Salt...,"Calçados,Calçados Femininos,Sandálias,Sandália Salto Fino","R$ 349,90","R$ 249,99","R$ 265,95",4x
Beira Rio,Preto,Dafiti,Sandália Feminina Beira Rio Salto Alto Preta,"Calçados,Calçados Femininos,Sandálias,Sandália Salto Grosso","R$ 159,90","R$ 104,99","R$ 111,69",1x
Beira Rio,Marrom,Dafiti,Sandália Feminina Beira Rio Salto Alto Marrom,"Calçados,Calçados Femininos,Tamanco","R$ 139,90","R$ 79,99","R$ 85,10",1x
Vizzano,Marrom,Dafiti,Sandália Feminina Vizzano Salto Médio Ti...,"Calçados,Calçados Femininos,Sandálias,Sandália Salto Fino","R$ 149,90","R$ 109,99","R$ 117,01",1x
VIA UNO,Prata,Dafiti,Bota Western Via Uno Cano Baixo Prata,"Calçados,Calçados Femininos,Botas,Bota Cano Médio","R$ 179,99","R$ 84,99","R$ 90,41",1x
Moleca,Branco,Dafiti,Sandália Feminina Moleca Salto Médio Rec...,"Calçados,Calçados Femininos,Sandálias,Sandália Salto Grosso","R$ 119,90","R$ 64,99","R$ 69,14",1x
Santa Lolla,Bege,Dafiti,Rasteira Santa Lolla Tressê Bege,"Calçados,Calçados Femininos,Rasteirinhas","R$ 199,90","R$ 109,99","R$ 117,01",1x
Capodarte,Caramelo,Dafiti,Mocassim Capodarte Couro Caramelo,"Calçados,Calçados Femininos,Mocassim","R$ 359,90","R$ 214,99","R$ 228,71",3x
Lança Perfume,Marrom,Dafiti,Rasteira Flat Lança Perfume Pedraria Marrom,"Calçados,Calçados Femininos,Rasteirinhas","R$ 993,00","R$ 429,99","R$ 457,44",5x
Moleca,Nude,Dafiti,Sapatilha Moleca Textil Nude,"Calçados,Calçados Femininos,Sapatilhas,Sapatilha Bico Redondo","R$ 59,99","R$ 39,99","R$ 42,54",1x
Melissa,Marrom,Dafiti,Rasteira Aberta Feminina Melissa Terracota,"Calçados,Calçados Femininos,Rasteirinhas","R$ 219,90","R$ 206,70","R$ 219,89",3x
Degalls,Amarelo,Dafiti,Rasteira Feminina Degalls Fechada Ponta ...,"Calçados,Calçados Femininos,Rasteirinhas","R$ 149,90","R$ 64,99","R$ 69,14",1x
Vizzano,Caramelo,Dafiti,Mocassim Feminino Vizzano Detalhe Metal Caramelo,"Calçados,Calçados Femininos,Mocassim","R$ 159,99","R$ 109,99","R$ 117,01",1x
Santa Lolla,Preto,Dafiti,Scarpin Feminino Santa Lolla Salto Alto Preto,"Calçados,Calçados Femininos,Scarpin","R$ 299,90","R$ 204,99","R$ 218,07",3x
Luiza Barcelos,Marrom,Dafiti,Scarpin Feminino Luiza Barcelos Tela Marrom,"Calçados,Calçados Femininos,Scarpin","R$ 899,90","R$ 515,39","R$ 548,29",5x
Arezzo,Dourado,Dafiti,Rasteira Papete Feminina Arezzo Couro Fi...,"Calçados,Calçados Femininos,Papete","R$ 399,90","R$ 375,90","R$ 399,89",5x
Usaflex,Preto,Dafiti,Sandália Feminina Usaflex Baixa Preta,"Calçados,Calçados Femininos,Sandálias","R$ 299,99","R$ 119,99","R$ 127,65",2x
Vizzano,Verde,Dafiti,Rasteira Feminina Vizzano Listrada Verde,"Calçados,Calçados Femininos,Rasteirinhas","R$ 159,90","R$ 84,99","R$ 90,41",1x
Vizzano,Off-white,Dafiti,Scarpin Feminino Vizzano Salto Bloco Bic...,"Calçados,Calçados Femininos,Scarpin","R$ 189,90","R$ 119,99","R$ 127,65",2x
Santa Lolla,Marrom,Dafiti,Scarpin Feminino Santa Lolla Slingback C...,"Calçados,Calçados Femininos,Scarpin","R$ 319,99","R$ 209,99","R$ 223,39",3x
Lança Perfume,Marrom,Dafiti,Sandália Feminina Lança Perfume Salto Qu...,"Calçados,Calçados Femininos,Sandálias","R$ 637,00","R$ 319,99","R$ 340,41",5x
Moleca,Off-white,Dafiti,Sapatilha Feminina Moleca Laço Brilho Off-White,"Calçados,Calçados Femininos,Sapatilhas,Sapatilha Bico Redondo","R$ 109,90","R$ 59,99","R$ 63,82",1x
Capodarte,Marrom,Dafiti,Scarpin Feminino Capodarte Couro Salto M...,"Calçados,Calçados Femininos,Scarpin","R$ 429,99","R$ 274,99","R$ 292,54",4x
Beira Rio,Preto,Dafiti,Bota Feminina Beira Rio Cano Baixo Preta,"Calçados,Calçados Femininos,Botas,Bota Cano Curto","R$ 129,99","R$ 84,99","R$ 90,41",1x
Santa Lolla,Preto,Dafiti,Rasteira Feminina Santa Lolla Tiras Preta,"Calçados,Calçados Femininos,Rasteirinhas","R$ 199,90","R$ 134,99","R$ 143,61",2x
Moleca,Branco,Dafiti,Rasteira Moleca Tiras Pedrarias Branca,"Calçados,Calçados Femininos,Rasteirinhas","R$ 119,90","R$ 49,99","R$ 53,18",1x
Beira Rio,Marrom,Dafiti,Sandália Feminina Beira Rio Tiras Cruzadas Marrom,"Calçados,Calçados Femininos,Sandálias,Sandália Plataforma","R$ 179,90","R$ 109,99","R$ 117,01",1x
Arezzo,Preto,Dafiti,Rasteira Arezzo Tiras Largas Preta,"Calçados,Calçados Femininos,Rasteirinhas","R$ 299,99","R$ 281,99","R$ 299,99",5x
Via Marte,Preto,Dafiti,Rasteira Flat Via Marte Hotfix Preta,"Calçados,Calçados Femininos,Rasteirinhas","R$ 189,99","R$ 89,99","R$ 95,73",1x
Capodarte,Marrom,Dafiti,Scarpin Capodarte Couro Salto Alto Marrom,"Calçados,Calçados Femininos,Scarpin","R$ 650,00","R$ 389,99","R$ 414,88",5x
VIA UNO,Off-white,Dafiti,Sapatilha Via Uno Matelassê Off-White,"Calçados,Calçados Femininos,Sapatilhas,Sapatilha Bico Redondo","R$ 99,99","R$ 74,99","R$ 79,78",1x
Loucos e Santos,Dourado,Dafiti,Sandália Feminina Loucos e Santos Cabeda...,"Calçados,Calçados Femininos,Sandálias,Sandália Salto Grosso","R$ 459,00","R$ 194,99","R$ 207,44",3x
Arezzo,Preto,Dafiti,Sapatilha Feminina Arezzo Matelassê Preta,"Calçados,Calçados Femininos,Sapatilhas,Sapatilha Bico Redondo","R$ 259,90","R$ 244,30","R$ 259,89",4x
Luiza Barcelos,Marrom,Dafiti,Mocassim Feminino Luiza Barcelos Franjas Marrom,"Calçados,Calçados Femininos,Mocassim","R$ 859,90","R$ 429,99","R$ 457,44",5x
Moleca,Preto,Dafiti,Rasteira Feminina Moleca Pedraria Preta,"Calçados,Calçados Femininos,Rasteirinhas","R$ 129,90","R$ 89,99","R$ 95,73",1x
Vizzano,Marrom,Dafiti,Mocassim Vizzano Detalhe Metalizado Marrom,"Calçados,Calçados Femininos,Mocassim","R$ 169,99","R$ 79,99","R$ 85,10",1x
Santa Lolla,Bordô,Dafiti,Sapatilha Santa Lolla Couro Bordô,"Calçados,Calçados Femininos,Sapatilhas,Sapatilha Bico Redondo","R$ 199,90","R$ 134,99","R$ 143,61",2x
Santa Lolla,Preto,Dafiti,Sapatilha Feminina Santa Lolla Croco Couro Preta,"Calçados,Calçados Femininos,Sapatilhas,Sapatilha Bico Redondo","R$ 199,90","R$ 134,99","R$ 143,61",2x
Arezzo,Nude,Dafiti,Scarpin Feminino Arezzo Slingback Anabel...,"Calçados,Calçados Femininos,Scarpin","R$ 399,90","R$ 375,90","R$ 399,89",5x
Arezzo,Caramelo,Dafiti,Rasteira Feminina Arezzo Tiras Entrelçad...,"Calçados,Calçados Femininos,Rasteirinhas","R$ 339,90","R$ 319,50","R$ 339,89",5x
Moleca,Preto,Dafiti,Rasteira Feminina Moleca Tiras Finas Preta,"Calçados,Calçados Femininos,Rasteirinhas","R$ 119,90","R$ 74,99","R$ 79,78",1x
VIA UNO,Bege,Dafiti,Sapatilha Via Uno Recortes Bege,"Calçados,Calçados Femininos,Sapatilhas,Sapatilha Bico Fino","R$ 109,99","R$ 54,99","R$ 58,50",1x
Modare,Marrom,Dafiti,Scarpin Feminino Modare Slingback Salto ...,"Calçados,Calçados Femininos,Scarpin","R$ 159,90","R$ 79,99","R$ 85,10",1x
Luiza Barcelos,Caramelo,Dafiti,Mocassim Feminino Luiza Barcelos Couro Caramelo,"Calçados,Calçados Femininos,Mocassim","R$ 699,90","R$ 289,99","R$ 308,50",5x
Melissa,Verde,Dafiti,Rasteira Feminina Melissa Slide Verde Militar,"Calçados,Calçados Femininos,Rasteirinhas","R$ 119,90","R$ 112,70","R$ 119,89",2x
Moleca,Nude,Dafiti,Sapatilha Feminina Moleca Detalhe Metálico Nude,"Calçados,Calçados Femininos,Sapatilhas,Sapatilha Bico Redondo","R$ 69,90","R$ 36,99","R$ 39,35",1x
Luiza Barcelos,Caramelo,Dafiti,Scarpin Luiza Barcelos Couro Caramelo,"Calçados,Calçados Femininos,Scarpin","R$ 699,99","R$ 384,99","R$ 409,56",5x
Melissa,Preto,Dafiti,Chinelo Melissa Sun Long Beach Ii Ad Preto,"Calçados,Calçados Femininos,Chinelos","R$ 89,90","R$ 84,50","R$ 89,89",1x
Lança Perfume,Marrom,Dafiti,Rasteira Lança Perfume Pedraria Marrom,"Calçados,Calçados Femininos,Rasteirinhas","R$ 663,00","R$ 289,99","R$ 308,50",5x
Melissa,Bege,Dafiti,Rasteira Slide Melissa Cozy M Love Bege,"Calçados,Calçados Femininos,Rasteirinhas","R$ 179,90","R$ 169,10","R$ 179,89",3x
Jorge Bischoff,Prata,Dafiti,Rasteira Feminina Jorge Bischoff Couro Prata,"Calçados,Calçados Femininos,Rasteirinhas","R$ 349,00","R$ 204,99","R$ 218,07",3x
Moleca,Preto,Dafiti,Alpargata Moleca Microfuro Preta,"Calçados,Calçados Femininos,Sapatilhas,Sapatilha Bico Redondo,Alpargatas","R$ 89,90","R$ 46,99","R$ 49,99",1x
Arezzo,Bege,Dafiti,Scarpin Feminino Arezzo Salto Fino Bege,"Calçados,Calçados Femininos,Scarpin","R$ 399,90","R$ 375,90","R$ 399,89",5x
Beira Rio,Off-white,Dafiti,Mule Feminino Beira Rio Fivela Detalhe Off-White,"Calçados,Calçados Femininos,Mocassim","R$ 109,99","R$ 86,59","R$ 92,12",1x
Luiza Barcelos,Marrom,Dafiti,Scarpin Luiza Barcelos Couro Marrom,"Calçados,Calçados Femininos,Scarpin","R$ 599,90","R$ 404,99","R$ 430,84",5x
Bebecê,Marrom,Dafiti,Scarpin Feminino Bebecê Bico Fino Salto ...,"Calçados,Calçados Femininos,Scarpin","R$ 179,99","R$ 134,99","R$ 143,61",2x
Modare,Nude,Dafiti,Sandália Feminina Modare Salto Anabela Nude,"Calçados,Calçados Femininos,Tamanco","R$ 139,90","R$ 89,99","R$ 95,73",1x
Luiza Barcelos,Marrom,Dafiti,Rasteira Feminina Luiza Barcelos Couro Marrom,"Calçados,Calçados Femininos,Rasteirinhas","R$ 759,90","R$ 379,99","R$ 404,24",5x
Capodarte,Marrom,Dafiti,Scarpin Feminino Capodarte Baixo Salto B...,"Calçados,Calçados Femininos,Scarpin","R$ 660,00","R$ 249,99","R$ 265,95",4x
Santa Lolla,Preto,Dafiti,Sapatilha Feminina Santa Lolla Corrente Preta,"Calçados,Calçados Femininos,Sapatilhas,Sapatilha Bico Fino","R$ 189,90","R$ 139,99","R$ 148,93",2x
Luiza Barcelos,Marrom,Dafiti,Rasteira Feminina Luiza Barcelos Recorte...,"Calçados,Calçados Femininos,Rasteirinhas","R$ 409,99",N/A,"R$ 409,99",5x
Arezzo,Vermelho,Dafiti,Scarpin Feminino Arezzo Couro Salto Alto Vermelho,"Calçados,Calçados Femininos,Scarpin","R$ 399,90","R$ 375,90","R$ 399,89",5x
Moleca,Marrom,Dafiti,Sapatilha Feminina Moleca Detalhe Metal Marrom,"Calçados,Calçados Femininos,Sapatilhas,Sapatilha Bico Fino","R$ 69,90","R$ 39,99","R$ 42,54",1x
Beira Rio,Off-white,Dafiti,Sandália Feminina Beira Rio Salto Alto S...,"Calçados,Calçados Femininos,Tamanco","R$ 139,90","R$ 84,99","R$ 90,41",1x
Beira Rio,Marrom,Dafiti,Rasteira Feminina Beira Rio Fivela Marrom,"Calçados,Calçados Femininos,Rasteirinhas","R$ 109,99","R$ 64,99","R$ 69,14",1x
Arezzo,Marrom,Dafiti,Scarpin Feminino Arezzo Salto Anabela Couro Marrom,"Calçados,Calçados Femininos,Scarpin","R$ 539,90","R$ 269,99","R$ 287,22",4x
Capodarte,Marrom,Dafiti,Scarpin Capodarte Couro Salto Bloco Marrom,"Calçados,Calçados Femininos,Scarpin","R$ 399,90","R$ 279,99","R$ 297,86",4x
Beira Rio,Preto,Dafiti,Scarpin Mule Feminino Beira Rio Bico Arr...,"Calçados,Calçados Femininos,Scarpin","R$ 149,90","R$ 84,99","R$ 90,41",1x
Vizzano,Marrom,Dafiti,Scarpin Feminino Vizzano Fivela Marrom,"Calçados,Calçados Femininos,Scarpin","R$ 239,90","R$ 134,99","R$ 143,61",2x
Via Marte,Branco,Dafiti,Rasteira Feminina Via Marte Detalhe Metá...,"Calçados,Calçados Femininos,Rasteirinhas","R$ 139,99","R$ 69,99","R$ 74,46",1x
Melissa,Bege,Dafiti,Rasteira Feminina Melissa Tiras Laço Bege,"Calçados,Calçados Femininos,Rasteirinhas","R$ 219,90","R$ 206,70","R$ 219,89",3x
Santa Lolla,Verde,Dafiti,Sandália Feminina Santa Lolla Couro Salt...,"Calçados,Calçados Femininos,Tamanco","R$ 299,90","R$ 189,99","R$ 202,12",3x
Melissa,Marrom,Dafiti,Sapatilha Melissa Bico Arredondado Marrom,"Calçados,Calçados Femininos,Sapatilhas,Sapatilha Bico Redondo","R$ 179,90","R$ 169,10","R$ 179,89",3x
Vicenza,Marrom,Dafiti,Rasteira Feminina Vicenza Detalhe Esfera Marrom,"Calçados,Calçados Femininos,Rasteirinhas","R$ 495,00","R$ 259,99","R$ 276,59",4x
Vizzano,Cinza,Dafiti,Sandália Feminina Vizzano Salto Médio Cinza,"Calçados,Calçados Femininos,Sandálias,Sandália Salto Grosso","R$ 169,90","R$ 104,99","R$ 111,69",1x
Beira Rio,Off-white,Dafiti,Sapatilha Mule Feminina Beira Rio Detalh...,"Calçados,Calçados Femininos,Mocassim","R$ 89,90","R$ 49,99","R$ 53,18",1x
Beira Rio,Off-white,Dafiti,Scarpin Baixo Feminino Beira Rio Fivela Off-White,"Calçados,Calçados Femininos,Scarpin","R$ 149,90","R$ 84,99","R$ 90,41",1x
Santa Lolla,Marrom,Dafiti,Rasteira Feminina Santa Lolla Tachas Met...,"Calçados,Calçados Femininos,Rasteirinhas","R$ 269,90","R$ 179,99","R$ 191,48",3x
Vizzano,Preto,Dafiti,Scarpin Feminino Vizzano Anabela Preto,"Calçados,Calçados Femininos,Scarpin","R$ 179,90","R$ 114,99","R$ 122,33",2x
Arezzo,Bordô,Dafiti,Sapatilha Feminina Arezzo Couro Trançado Bordô,"Calçados,Calçados Femininos,Sapatilhas,Sapatilha Bico Redondo","R$ 359,90","R$ 338,30","R$ 359,89",5x
Modare,Amarelo,Dafiti,Mocassim Feminino Modare Slip On Amarelo,"Calçados,Calçados Femininos,Mocassim","R$ 149,90","R$ 74,99","R$ 79,78",1x
Colcci,Rosa,Dafiti,Rasteira Feminina Colcci Tiras Cruzadas Rosa,"Calçados,Calçados Femininos,Rasteirinhas","R$ 219,99","R$ 104,99","R$ 111,69",1x
Beira Rio,Off-white,Dafiti,Rasteira Aberta Beira Rio Pedrarias Off-White,"Calçados,Calçados Femininos,Rasteirinhas","R$ 119,90","R$ 48,99","R$ 52,12",1x
Via Mia,Marrom,Dafiti,Rasteira Via Mia Franjas Marrom,"Calçados,Calçados Femininos,Rasteirinhas","R$ 139,99","R$ 79,99","R$ 85,10",1x
Arezzo,Dourado,Dafiti,Sapatilha Feminina Arezzo Couro Matelassê Dourada,"Calçados,Calçados Femininos,Sapatilhas,Sapatilha Bico Redondo","R$ 259,90","R$ 244,30","R$ 259,89",4x
Modare,Preto,Dafiti,Scarpin Feminino Modare Corrente Salto M...,"Calçados,Calçados Femininos,Scarpin","R$ 169,90","R$ 89,99","R$ 95,73",1x
Santa Lolla,Preto,Dafiti,Rasteira Santa Lolla Tira Hotfix Preta,"Calçados,Calçados Femininos,Rasteirinhas","R$ 149,90","R$ 104,99","R$ 111,69",1x
Arezzo,Preto,Dafiti,Scarpin Médio Arezzo Bico Fino Salto Fino Preto,"Calçados,Calçados Femininos,Scarpin","R$ 359,99","R$ 338,39","R$ 359,99",5x
Melissa,Azul,Dafiti,Chinelo Feminino Melissa Slide Azul,"Calçados,Calçados Femininos,Chinelos","R$ 199,90","R$ 187,90","R$ 199,89",3x
Modare,Marrom,Dafiti,Sapatilha Feminina Modare Detalhe Metálico Marrom,"Calçados,Calçados Femininos,Sapatilhas,Sapatilha Bico Fino","R$ 119,99","R$ 69,99","R$ 74,46",1x
Santa Lolla,Preto,Dafiti,Rasteira Feminina Santa Lolla Aplicações Preta,"Calçados,Calçados Femininos,Rasteirinhas","R$ 229,99","R$ 129,99","R$ 138,29",2x
Vizzano,Marrom,Dafiti,Rasteira Slide Vizzano Logo Marrom,"Calçados,Calçados Femininos,Rasteirinhas","R$ 89,90","R$ 59,99","R$ 63,82",1x
Vizzano,Caramelo,Dafiti,Rasteira Feminina Vizzano Fivela Caramelo,"Calçados,Calçados Femininos,Rasteirinhas","R$ 109,90","R$ 79,99","R$ 85,10",1x
Asics,Bege,Dafiti,Tênis Feminino Asics Gel-Quantum 360 Ctw Bege,"Calçados,Calçados Femininos,Tênis,Tênis Casual","R$ 699,99","R$ 549,99","R$ 585,10",5x
Luiza Barcelos,Bege,Dafiti,Mocassim Mule Luiza Barcelos Couro Bege,"Calçados,Calçados Femininos,Mocassim","R$ 659,90","R$ 620,30","R$ 659,89",5x
Luiza Barcelos,Marrom,Dafiti,Sandália Feminina Luiza Barcelos Couro Marrom,"Calçados,Calçados Femininos,Sandálias","R$ 699,90","R$ 657,90","R$ 699,89",5x
Vizzano,Marrom,Dafiti,Scarpin Feminino Vizzano Bico Fino Marrom,"Calçados,Calçados Femininos,Scarpin","R$ 149,90","R$ 104,99","R$ 111,69",1x
Luiza Barcelos,Prata,Dafiti,Sandália Feminina Luiza Barcelos Salto M...,"Calçados,Calçados Femininos,Sandálias","R$ 499,90","R$ 469,90","R$ 499,89",5x
Kolosh,Marrom,Dafiti,Tênis Feminino Kolosh Detalhe Perfurado Marrom,"Calçados,Calçados Femininos,Tênis,Tênis Casual","R$ 179,99","R$ 134,99","R$ 143,61",2x
VIA UNO,Vermelho,Dafiti,Sapatilha Via Uno Boneca Vermelha,"Calçados,Calçados Femininos,Sapatilhas,Sapatilha Bico Redondo","R$ 99,99","R$ 64,99","R$ 69,14",1x
Luiza Barcelos,Marrom,Dafiti,Sandália Feminina Luiza Barcelos Couro S...,"Calçados,Calçados Femininos,Sandálias,Sandália Salto Grosso","R$ 699,90","R$ 657,90","R$ 699,89",5x
Vizzano,Marrom,Dafiti,Scarpin Feminino Vizzano Slingback Salto...,"Calçados,Calçados Femininos,Scarpin","R$ 179,90","R$ 129,99","R$ 138,29",2x
Luiza Barcelos,Marrom,Dafiti,Mocassim Mule Luiza Barcelos Couro Marrom,"Calçados,Calçados Femininos,Mocassim","R$ 699,90","R$ 657,90","R$ 699,89",5x
Via Mia,Off-white,Dafiti,Rasteira Via Mia Transpassada Off-White,"Calçados,Calçados Femininos,Rasteirinhas","R$ 179,99","R$ 114,99","R$ 122,33",2x
Bottero,Caramelo,Dafiti,Scarpin Feminino Bottero Couro Salto Alto Caramelo,"Calçados,Calçados Femininos,Scarpin","R$ 279,99","R$ 174,99","R$ 186,16",3x
Fila,Branco,Dafiti,Tênis Feminino Fila Skywind Branco,"Calçados,Calçados Femininos,Tênis,Tênis Casual","R$ 499,99","R$ 389,99","R$ 414,88",5x
Santa Lolla,Preto,Dafiti,Sandália Feminina Santa Lolla Salto Médi...,"Calçados,Calçados Femininos,Tamanco","R$ 189,90","R$ 134,99","R$ 143,61",2x
Vizzano,Marrom,Dafiti,Sandália Feminina Vizzano Salto Quadrado Marrom,"Calçados,Calçados Femininos,Sandálias,Sandália Salto Grosso","R$ 179,90","R$ 129,99","R$ 138,29",2x
Arezzo,Nude,Dafiti,Scarpin Feminino Arezzo Couro Salto Alto...,"Calçados,Calçados Femininos,Scarpin","R$ 499,90","R$ 469,90","R$ 499,89",5x
Santa Lolla,Preto,Dafiti,Sandália Feminina Santa Lolla Salto Médi...,"Calçados,Calçados Femininos,Sandálias,Sandália Salto Grosso","R$ 189,90","R$ 154,99","R$ 164,88",2x
Moleca,Branco,Dafiti,Tênis Feminino Moleca Cano Baixo Branco,"Calçados,Calçados Femininos,Tênis,Tênis Casual","R$ 129,99","R$ 89,99","R$ 95,73",1x
Beira Rio,Marrom,Dafiti,Scarpin Feminino Beira Rio Salto Bloco Marrom,"Calçados,Calçados Femininos,Scarpin","R$ 149,90","R$ 84,99","R$ 90,41",1x
Luiza Barcelos,Preto,Dafiti,Sandália Feminina Luiza Barcelos Laço Co...,"Calçados,Calçados Femininos,Sandálias,Sandália Salto Fino","R$ 599,90","R$ 563,90","R$ 599,89",5x
Via Marte,Branco,Dafiti,Tênis Feminino Via Marte Com Cadarço Branco,"Calçados,Calçados Femininos,Tênis,Tênis Casual","R$ 239,99","R$ 179,99","R$ 191,48",3x
Luiza Barcelos,Preto,Dafiti,Sandália Feminina Luiza Barcelos Couro S...,"Calçados,Calçados Femininos,Sandálias,Sandália Salto Grosso","R$ 559,90","R$ 526,30","R$ 559,89",5x
Luiza Barcelos,Dourado,Dafiti,Sandália Feminina Luiza Barcelos Tiras M...,"Calçados,Calçados Femininos,Sandálias","R$ 499,90","R$ 469,90","R$ 499,89",5x
Arezzo,Preto,Dafiti,Scarpin Feminino Arezzo Couro Bico Aberto Preto,"Calçados,Calçados Femininos,Scarpin","R$ 459,90","R$ 432,30","R$ 459,89",5x
Santa Lolla,Amarelo,Dafiti,Sandália Feminina Santa Lolla Salto Médi...,"Calçados,Calçados Femininos,Sandálias,Sandália Anabela","R$ 299,90","R$ 229,99","R$ 244,67",4x
Luiza Barcelos,Marrom,Dafiti,Sandália Feminina Luiza Barcelos Couro T...,"Calçados,Calçados Femininos,Sandálias,Sandália Salto Grosso","R$ 759,90","R$ 379,99","R$ 404,24",5x
Anacapri,Off-white,Dafiti,Tênis Feminino Anacapri Cadarço Detalhe ...,"Calçados,Calçados Femininos,Tênis,Tênis Casual","R$ 189,90","R$ 109,99","R$ 117,01",1x
Santa Lolla,Cinza,Dafiti,Tênis Feminino Santa Lolla Detalhe Metal...,"Calçados,Calçados Femininos,Tênis,Tênis Casual","R$ 299,90","R$ 164,99","R$ 175,52",2x
Vizzano,Preto,Dafiti,Sandália Feminina Vizzano Salto Médio Po...,"Calçados,Calçados Femininos,Sandálias","R$ 149,90","R$ 89,99","R$ 95,73",1x
Moleca,Preto,Dafiti,Tênis Feminino Moleca Recortes Preto,"Calçados,Calçados Femininos,Tênis,Tênis Casual","R$ 149,90","R$ 99,99","R$ 106,37",1x
Usaflex,Preto,Dafiti,Tênis Feminino Usaflex Couro Cano Baixo Preto,"Calçados,Calçados Femininos,Tênis,Tênis Casual","R$ 359,99","R$ 229,99","R$ 244,67",4x
Arezzo,Marrom,Dafiti,Scarpin Feminino Arezzo Trançado Marrom,"Calçados,Calçados Femininos,Scarpin","R$ 499,90","R$ 469,90","R$ 499,89",5x
Anacapri,Preto,Dafiti,Tênis Feminino ANACAPRI Recortes Preto,"Calçados,Calçados Femininos,Tênis,Tênis Casual","R$ 269,90","R$ 209,99","R$ 223,39",3x
Kolosh,Marrom,Dafiti,Tênis Feminino Kolosh Animal Print Marrom,"Calçados,Calçados Femininos,Tênis,Tênis Casual","R$ 289,99","R$ 164,99","R$ 175,52",2x
Converse,Marrom,Dafiti,Tênis Feminino Converse Chuck Taylor All...,"Calçados,Calçados Femininos,Tênis,Tênis Casual","R$ 379,90",N/A,"R$ 379,90",5x
Beira Rio,Preto,Dafiti,Sandália Feminina Beira Rio Salto Bloco Preta,"Calçados,Calçados Femininos,Sandálias,Sandália Salto Grosso","R$ 159,90","R$ 99,99","R$ 106,37",1x
Bottero,Caramelo,Dafiti,Bota Feminina Bottero Couro Cano Baixo Caramelo,"Calçados,Calçados Femininos,Botas,Bota Cano Curto","R$ 549,99","R$ 299,99","R$ 319,14",5x
Fila,Bege,Dafiti,Tênis Feminino Fila Racer Speedzone Manu...,"Calçados,Calçados Femininos,Tênis,Tênis Casual","R$ 699,99","R$ 409,99","R$ 436,16",5x
Luiza Barcelos,Branco,Dafiti,Sandália Feminina Luiza Barcelos Couro S...,"Calçados,Calçados Femininos,Tamanco","R$ 599,90","R$ 563,90","R$ 599,89",5x
Vizzano,Caramelo,Dafiti,Sandália Feminina Vizzano Salto Alto Tac...,"Calçados,Calçados Femininos,Sandálias,Sandália Salto Fino","R$ 179,90","R$ 129,99","R$ 138,29",2x
Usaflex,Preto,Dafiti,Tênis Feminino Usaflex Slip-On Pretp,"Calçados,Calçados Femininos,Tênis,Tênis Casual","R$ 319,99","R$ 109,99","R$ 117,01",1x
Lança Perfume,Preto,Dafiti,Slide Feminina Lança Perfume Detalhe Met...,"Calçados,Calçados Femininos,Rasteirinhas","R$ 373,00","R$ 189,99","R$ 202,12",3x
Vizzano,Off-white,Dafiti,Tênis Feminino Vizzano Cadarço Off-White,"Calçados,Calçados Femininos,Tênis,Tênis Casual","R$ 199,90","R$ 104,99","R$ 111,69",1x
Santa Lolla,Marrom,Dafiti,Sandália Feminina Santa Lolla Salto Médio Marrom,"Calçados,Calçados Femininos,Sandálias","R$ 229,90","R$ 174,99","R$ 186,16",3x
Capodarte,Preto,Dafiti,Bota Feminina Capodarte Couro Cano Médio Preta,"Calçados,Calçados Femininos,Botas,Bota Cano Médio","R$ 890,00","R$ 509,99","R$ 542,54",5x
Luiza Barcelos,Bege,Dafiti,Sandália Feminina Luiza Barcelos Couro S...,"Calçados,Calçados Femininos,Sandálias,Sandália Salto Fino","R$ 659,90","R$ 620,30","R$ 659,89",5x
Moleca,Marrom,Dafiti,Tênis Feminino Moleca Cano Baixo Marrom,"Calçados,Calçados Femininos,Tênis,Tênis Casual","R$ 119,99","R$ 77,99","R$ 82,97",1x
Arezzo,Marrom,Dafiti,Sandália Feminina Arezzo Salto Alto Tiras Marrom,"Calçados,Calçados Femininos,Sandálias,Sandália Salto Grosso","R$ 399,90","R$ 375,90","R$ 399,89",5x
Arezzo,Marrom,Dafiti,Mocassim Feminino Arezzo Couro Camurça Caramelo,"Calçados,Calçados Femininos,Mocassim","R$ 459,90","R$ 432,30","R$ 459,89",5x
Colcci,Preto,Dafiti,Rasteira Papete Colcci Hotfix Preta,"Calçados,Calçados Femininos,Papete","R$ 329,99","R$ 259,99","R$ 276,59",4x
Via Mia,Marrom,Dafiti,Sapatilha Via Mia Amarração Marrom,"Calçados,Calçados Femininos,Sapatilhas,Sapatilha Bico Redondo","R$ 149,99","R$ 89,99","R$ 95,73",1x
Bebecê,Preto,Dafiti,Sandália Feminina Bebecê Salto Baixo Geo...,"Calçados,Calçados Femininos,Sandálias","R$ 99,99","R$ 69,99","R$ 74,46",1x
Modare,Marrom,Dafiti,Mocassim Mule Modare Fivela Tratorado Marrom,"Calçados,Calçados Femininos,Mocassim","R$ 179,99","R$ 109,99","R$ 117,01",1x
Lança Perfume,Preto,Dafiti,Bota Feminina Lança Perfume Cano Baixo C...,"Calçados,Calçados Femininos,Botas,Bota Cano Curto","R$ 1.297,00","R$ 589,99","R$ 627,65",5x
Santa Lolla,Preto,Dafiti,Tênis Santa Lolla Liso Preto,"Calçados,Calçados Femininos,Tênis,Tênis Casual","R$ 229,90","R$ 114,99","R$ 122,33",2x
Modare,Preto,Dafiti,Bota Feminina Modare Cano Alto Detalhe F...,"Calçados,Calçados Femininos,Botas,Bota Montaria e Cano Longo,Bota Cano Médio","R$ 329,90","R$ 189,99","R$ 202,12",3x
Santa Lolla,Bege,Dafiti,Tênis Feminino Santa Lolla Recortes Couro Bege,"Calçados,Calçados Femininos,Tênis,Tênis Casual","R$ 299,90","R$ 159,99","R$ 170,20",2x
Usaflex,Preto,Dafiti,Sandália Feminina Usaflex Anabela Couro Preta,"Calçados,Calçados Femininos,Sandálias,Sandália Anabela","R$ 249,99","R$ 144,99","R$ 154,24",2x
Santa Lolla,Preto,Dafiti,Sandália Feminina Santa Lolla Couro Salt...,"Calçados,Calçados Femininos,Sandálias,Sandália Salto Fino","R$ 349,90","R$ 259,99","R$ 276,59",4x
Lança Perfume,Preto,Dafiti,Sandália Feminina Lança Perfume Couro Sa...,"Calçados,Calçados Femininos,Sandálias,Sandália Salto Grosso","R$ 793,00","R$ 439,99","R$ 468,07",5x
Modare,Preto,Dafiti,Scarpin Modare Laço Preto,"Calçados,Calçados Femininos,Scarpin","R$ 129,99","R$ 104,99","R$ 111,69",1x
Jorge Bischoff,Preto,Dafiti,Sandália Feminina Jorge Bischoff Salto B...,"Calçados,Calçados Femininos,Sandálias,Sandália Salto Grosso","R$ 649,00","R$ 259,99","R$ 276,59",4x
Arezzo,Marrom,Dafiti,Sandália Feminina Arezzo Couro Salto Bloco Marrom,"Calçados,Calçados Femininos,Sandálias","R$ 399,90","R$ 375,90","R$ 399,89",5x
Beira Rio,Caramelo,Dafiti,Sandália Média Beira Rio Tiras Fivela Ta...,"Calçados,Calçados Femininos,Sandálias","R$ 139,90","R$ 64,99","R$ 69,14",1x
adidas Originals,Bege,Dafiti,Tênis adidas Originals Handball Spezial ...,"Calçados,Calçados Femininos,Tênis,Tênis Casual","R$ 899,99","R$ 845,98","R$ 899,98",5x
Luiza Barcelos,Marrom,Dafiti,Tênis Feminino Luiza Barcelos Couro Marrom,"Calçados,Calçados Femininos,Tênis,Tênis Casual","R$ 699,90","R$ 349,99","R$ 372,33",5x
Arezzo,Preto,Dafiti,Sandália Feminina Arezzo Salto Alto Tiras Pretas,"Calçados,Calçados Femininos,Sandálias","R$ 399,90","R$ 375,90","R$ 399,89",5x
Santa Lolla,Branco,Dafiti,Sandália Feminina Santa Lolla Salto Médi...,"Calçados,Calçados Femininos,Sandálias","R$ 229,90","R$ 174,99","R$ 186,16",3x
Mooncity,Preto,Dafiti,Bota Feminina Mooncity Cano Alto Preta,"Calçados,Calçados Femininos,Botas,Bota Montaria e Cano Longo","R$ 219,99","R$ 159,99","R$ 170,20",2x
Arezzo,Prata,Dafiti,Tênis Feminino Arezzo Couro Cadarço Prata,"Calçados,Calçados Femininos,Tênis,Tênis Casual","R$ 479,90","R$ 451,10","R$ 479,89",5x
Vizzano,Preto,Dafiti,Sandália Feminina Vizzano Salto Alto Fivela Preta,"Calçados,Calçados Femininos,Sandálias","R$ 209,90","R$ 109,99","R$ 117,01",1x
Usaflex,Vermelho,Dafiti,Chinelo Slide Usaflex Tiras Largas Vermelho,"Calçados,Calçados Femininos,Chinelos","R$ 159,99","R$ 99,99","R$ 106,37",1x
Puma,Off-white,Dafiti,Tênis Feminino Puma Speedcat Paris Off-W...,"Calçados,Calçados Femininos,Tênis,Tênis Casual","R$ 699,99","R$ 657,98","R$ 699,98",5x
Moleca,Marrom,Dafiti,Tênis Feminino Moleca Lezard Marrom,"Calçados,Calçados Femininos,Tênis,Tênis Casual","R$ 99,99","R$ 59,99","R$ 63,82",1x
Arezzo,Marrom,Dafiti,Sandália Feminina Arezzo Couro Salto Bloco Marrom,"Calçados,Calçados Femininos,Sandálias,Sandália Salto Grosso","R$ 399,90","R$ 375,90","R$ 399,89",5x
Melissa,Preto,Dafiti,Sandália Feminina Melissa Salto Chunky Preta,"Calçados,Calçados Femininos,Sandálias,Sandália Salto Grosso","R$ 319,90","R$ 300,70","R$ 319,89",5x
Arezzo,Marrom,Dafiti,Scarpin Feminino Arezzo Trançado Bico Fino Marrom,"Calçados,Calçados Femininos,Scarpin","R$ 459,90","R$ 432,30","R$ 459,89",5x
Arezzo,Preto,Dafiti,Bota Feminina Arezzo Cano Alto Preta,"Calçados,Calçados Femininos,Botas,Bota Montaria e Cano Longo","R$ 799,90","R$ 479,99","R$ 510,63",5x
Vizzano,Preto,Dafiti,Sandália Feminina Vizzano Salto Alto Tachas Preta,"Calçados,Calçados Femininos,Sandálias,Sandália Salto Fino","R$ 179,90","R$ 129,99","R$ 138,29",2x
Bottero,Dourado,Dafiti,Bota Bottero Cano Longo Dourada,"Calçados,Calçados Femininos,Botas,Bota Montaria e Cano Longo","R$ 619,99","R$ 284,99","R$ 303,18",5x
New Balance,Branco,Dafiti,Tênis Feminino New Balance Fresh Foam 68...,"Calçados,Calçados Femininos,Tênis,Tênis Casual","R$ 499,99","R$ 419,99","R$ 446,80",5x
Santa Lolla,Preto,Dafiti,Sandália Feminina Santa Lolla Couro Salt...,"Calçados,Calçados Femininos,Sandálias,Sandália Salto Grosso","R$ 299,90","R$ 239,99","R$ 255,31",4x
Bottero,Marrom,Dafiti,Bota Feminina Bottero Cano Baixo Couro Marrom,"Calçados,Calçados Femininos,Botas,Bota Cano Curto","R$ 549,99","R$ 299,99","R$ 319,14",5x
Vizzano,Preto,Dafiti,Sandália Feminina Vizzano Salto Médio Preta,"Calçados,Calçados Femininos,Sandálias,Sandália Salto Grosso","R$ 159,90","R$ 114,99","R$ 122,33",2x
Luiza Barcelos,Preto,Dafiti,Bota Feminina Luiza Barcelos Cano Alto C...,"Calçados,Calçados Femininos,Botas,Bota Montaria e Cano Longo","R$ 1.399,90","R$ 699,99","R$ 744,67",5x
Asics,Bege,Dafiti,Tênis Asics Gel Nimbus 28 TR Bege,"Calçados,Calçados Femininos,Tênis,Tênis Casual","R$ 1.399,99","R$ 999,99","R$ 1.063,82",5x
Luiza Barcelos,Bege,Dafiti,Mocassim Feminino Luiza Barcelos Trama B...,"Calçados,Calçados Femininos,Mocassim","R$ 999,90","R$ 539,99","R$ 574,46",5x
VIA UNO,Dourado,Dafiti,Sandália Feminina VIA UNO Tiras com Pedr...,"Calçados,Calçados Femininos,Sandálias,Sandália Salto Grosso","R$ 149,99","R$ 104,99","R$ 111,69",1x
Arezzo,Nude,Dafiti,Tênis Arezzo Slip On Elástico True Sand,"Calçados,Calçados Femininos,Tênis,Tênis Casual","R$ 249,99","R$ 234,99","R$ 249,99",4x
Luiza Barcelos,Preto,Dafiti,Bota Feminina Luiza Barcelos Cano Alto C...,"Calçados,Calçados Femininos,Botas,Bota Montaria e Cano Longo","R$ 1.399,90","R$ 699,99","R$ 744,67",5x
Moleca,Marrom,Dafiti,Sapatilha Feminina Moleca Detalhe Frontal Marrom,"Calçados,Calçados Femininos,Sapatilhas,Sapatilha Bico Redondo","R$ 99,90","R$ 54,99","R$ 58,50",1x
Degalls,Preto,Dafiti,Sandália Feminina Degalls Salto Anabela ...,"Calçados,Calçados Femininos,Sandálias","R$ 389,90","R$ 194,99","R$ 207,44",3x
Capodarte,Caramelo,Dafiti,Sandália Feminina Capodarte Anabela Tira...,"Calçados,Calçados Femininos,Sandálias","R$ 950,00","R$ 479,99","R$ 510,63",5x
Arezzo,Vinho,Dafiti,Sandália Feminina Arezzo Couro Salto Médio Vinho,"Calçados,Calçados Femininos,Tamanco","R$ 399,90","R$ 375,90","R$ 399,89",5x
Moleca,Marrom,Dafiti,Tênis Feminino Moleca Lezard Marrom,"Calçados,Calçados Femininos,Tênis,Tênis Casual","R$ 99,99","R$ 59,99","R$ 63,82",1x
Vicenza,Café,Dafiti,Sandália Feminina Vicenza Salto Médio Café,"Calçados,Calçados Femininos,Sandálias","R$ 845,00","R$ 429,99","R$ 457,44",5x
Capodarte,Bege,Dafiti,Tênis Feminino Capodarte Cano Baixo Logo Bege,"Calçados,Calçados Femininos,Tênis,Tênis Casual","R$ 550,00","R$ 516,99","R$ 549,99",5x
Capodarte,Preto,Dafiti,Bota Feminina Capodarte Cano Alto Preta,"Calçados,Calçados Femininos,Botas,Bota Montaria e Cano Longo","R$ 990,00","R$ 569,99","R$ 606,37",5x
Luiza Barcelos,Marrom,Dafiti,Sandália Feminina Luiza Barcelos Salto B...,"Calçados,Calçados Femininos,Sandálias,Sandália Salto Grosso","R$ 759,90","R$ 409,99","R$ 436,16",5x
Vicenza,Preto,Dafiti,Rasteira Fechada Feminina Vicenza Recort...,"Calçados,Calçados Femininos,Rasteirinhas","R$ 595,00","R$ 319,99","R$ 340,41",5x
Santa Lolla,Bege,Dafiti,Rasteira Papete Feminina Santa Lolla Fivelas Bege,"Calçados,Calçados Femininos,Papete","R$ 389,90","R$ 299,99","R$ 319,14",5x
Capodarte,Off-white,Dafiti,Bota Coturno Capodarte Cano Médio Lisa Off-White,"Calçados,Calçados Femininos,Botas,Coturno e Biker","R$ 390,00","R$ 189,99","R$ 202,12",3x
Luiza Barcelos,Bege,Dafiti,Sandália Feminina Luiza Barcelos Plataforma Bege,"Calçados,Calçados Femininos,Sandálias,Sandália Plataforma","R$ 999,90","R$ 499,99","R$ 531,90",5x
Beira Rio,Preto,Dafiti,Sandália Feminina Beira Rio Salto Médio Preta,"Calçados,Calçados Femininos,Sandálias,Sandália Salto Grosso","R$ 149,90","R$ 94,99","R$ 101,05",1x
Vizzano,Marrom,Dafiti,Scarpin Feminino Vizzano Salto Bloco Marrom,"Calçados,Calçados Femininos,Scarpin","R$ 189,90","R$ 112,99","R$ 120,20",2x
Arezzo,Marrom,Dafiti,Scarpin Arezzo Couro Bico Fino Marrom,"Calçados,Calçados Femininos,Scarpin","R$ 439,90","R$ 413,50","R$ 439,89",5x
Via Mia,Off-white,Dafiti,Rasteira Papete Via Mia Lisa Off-White,"Calçados,Calçados Femininos,Papete","R$ 159,99","R$ 94,99","R$ 101,05",1x
Capodarte,Preto,Dafiti,Bota Feminina Capodarte Cano Curto Couro Preto,"Calçados,Calçados Femininos,Botas,Bota Cano Curto","R$ 990,00","R$ 469,99","R$ 499,99",5x
Arezzo,Marrom,Dafiti,Sandália Feminina Arezzo Couro Salto Fino Marrom,"Calçados,Calçados Femininos,Sandálias,Sandália Salto Fino","R$ 399,90","R$ 375,90","R$ 399,89",5x
Luiza Barcelos,Café,Dafiti,Rasteira Slide Luiza Barcelos Croco Café,"Calçados,Calçados Femininos,Rasteirinhas","R$ 579,90","R$ 299,99","R$ 319,14",5x
Fila,Branco,Dafiti,Chinelo  Fila Drifter Foam Branco,"Calçados,Calçados Femininos,Chinelos","R$ 149,99","R$ 119,99","R$ 127,65",2x
Capodarte,Nude,Dafiti,Scarpin Feminino Capodarte Salto Baixo  Nude,"Calçados,Calçados Femininos,Scarpin","R$ 660,00","R$ 249,99","R$ 265,95",4x
Capodarte,Caramelo,Dafiti,Mocassim Feminino Capodarte Recortes Vaz...,"Calçados,Calçados Femininos,Mocassim","R$ 690,00","R$ 339,99","R$ 361,69",5x
Vizzano,Preto,Dafiti,Sandália Feminina Vizzano Meia Pata Preta,"Calçados,Calçados Femininos,Sandálias,Sandália Meia Pata","R$ 199,90","R$ 124,99","R$ 132,97",2x
Vizzano,Caramelo,Dafiti,Sandália Feminina Vizzano Salto Alto Marrom,"Calçados,Calçados Femininos,Sandálias,Sandália Meia Pata","R$ 199,90","R$ 104,99","R$ 111,69",1x
Melissa,Marrom,Dafiti,Mocassim Feminino Melissa Detalhe de Fra...,"Calçados,Calçados Femininos,Mocassim","R$ 379,90","R$ 357,10","R$ 379,89",5x
Arezzo,Preto,Dafiti,Sapatilha Feminina Arezzo Couro Tramada Preta,"Calçados,Calçados Femininos,Sapatilhas,Sapatilha Bico Redondo","R$ 359,90","R$ 338,30","R$ 359,89",5x
Luiza Barcelos,Caramelo,Dafiti,Rasteira Feminina Luiza Barcelos Tachas Caramelo,"Calçados,Calçados Femininos,Rasteirinhas","R$ 899,90","R$ 489,99","R$ 521,27",5x
Jorge Bischoff,Marrom,Dafiti,Scarpin Feminino Jorge Bischoff Couro Sa...,"Calçados,Calçados Femininos,Scarpin","R$ 499,00","R$ 269,99","R$ 287,22",4x
Arezzo,Marrom,Dafiti,Sapatilha Feminina Arezzo Couro Fivela Marrom,"Calçados,Calçados Femininos,Sapatilhas,Sapatilha Bico Redondo","R$ 459,90","R$ 432,30","R$ 459,89",5x
Luiza Barcelos,Marrom,Dafiti,Scarpin Feminino Luiza Barcelos Recortes...,"Calçados,Calçados Femininos,Scarpin","R$ 699,90","R$ 309,99","R$ 329,78",5x
Capodarte,Preto,Dafiti,Sandália Feminina Capodarte Salto Bloco ...,"Calçados,Calçados Femininos,Sandálias","R$ 590,00","R$ 299,99","R$ 319,14",5x
Arezzo,Nude,Dafiti,Sandália Feminina Arezzo Couro Salto Alto Nude,"Calçados,Calçados Femininos,Tamanco","R$ 399,90","R$ 375,90","R$ 399,89",5x
Beira Rio,Verde,Dafiti,Sapatilha Feminina Beira Rio Bico Fino Verde,"Calçados,Calçados Femininos,Sapatilhas,Sapatilha Bico Fino","R$ 99,90","R$ 64,99","R$ 69,14",1x
Usaflex,Marrom,Dafiti,Sandália Feminina Usaflex Couro Anabela Marrom,"Calçados,Calçados Femininos,Tamanco","R$ 249,99","R$ 144,99","R$ 154,24",2x
Moleca,Verde,Dafiti,Rasteira Feminina Moleca Fivelas Verde,"Calçados,Calçados Femininos,Rasteirinhas","R$ 139,90","R$ 89,99","R$ 95,73",1x
Moleca,Preto,Dafiti,Sapatilha Feminina Moleca Listrada Preta,"Calçados,Calçados Femininos,Sapatilhas,Sapatilha Bico Redondo","R$ 59,90","R$ 44,99","R$ 47,86",1x
Melissa,Verde,Dafiti,Rasteira Feminina Melissa Tiras Trançadas Verde,"Calçados,Calçados Femininos,Rasteirinhas","R$ 219,90","R$ 206,70","R$ 219,89",3x
Luiza Barcelos,Branco,Dafiti,Sandália Feminina Luiza Barcelos Couro S...,"Calçados,Calçados Femininos,Tamanco","R$ 499,99","R$ 439,99","R$ 468,07",5x
Vicenza,Rosê,Dafiti,Sapatilha Feminina Vicenza Mule Aplicaçõ...,"Calçados,Calçados Femininos,Sapatilhas,Sapatilha Bico Redondo","R$ 795,00","R$ 399,99","R$ 425,52",5x
DAFITI SHOES,Prata,Dafiti,Rasteira Papete Toalha da Mamma Prata Da...,"Calçados,Calçados Femininos,Papete","R$ 419,99","R$ 249,99","R$ 265,95",4x
Lança Perfume,Marrom,Dafiti,Sandália Feminina Lança Perfume Franjas ...,"Calçados,Calçados Femininos,Sandálias","R$ 883,00","R$ 399,99","R$ 425,52",5x
Luiza Barcelos,Dourado,Dafiti,Sandália Feminina Luiza Barcelos Tiras M...,"Calçados,Calçados Femininos,Rasteirinhas","R$ 799,90","R$ 459,99","R$ 489,35",5x
Luiza Barcelos,Marrom,Dafiti,Scarpin Luiza Barcelos Couro Marrom,"Calçados,Calçados Femininos,Scarpin","R$ 599,90","R$ 379,99","R$ 404,24",5x
Luiza Barcelos,Branco,Dafiti,Rasteira Feminina Luiza Barcelos Tachas Branca,"Calçados,Calçados Femininos,Rasteirinhas","R$ 459,90","R$ 432,30","R$ 459,89",5x
Lança Perfume,Marrom,Dafiti,Mocassim Feminino Lança Perfume Couro Marrom,"Calçados,Calçados Femininos,Mocassim","R$ 497,00","R$ 259,99","R$ 276,59",4x
Bebecê,Bege,Dafiti,Scarpin Feminino Bebecê Salto Bloco Bege,"Calçados,Calçados Femininos,Scarpin","R$ 179,99","R$ 119,99","R$ 127,65",2x
Beira Rio,Preto,Dafiti,Scarpin Feminino Beira Rio Tiras Cruzadas Preto,"Calçados,Calçados Femininos,Scarpin","R$ 149,90","R$ 84,99","R$ 90,41",1x
Luiza Barcelos,Vinho,Dafiti,Scarpin Feminino Luiza Barcelos Couro Ti...,"Calçados,Calçados Femininos,Scarpin","R$ 659,90","R$ 419,99","R$ 446,80",5x
Luiza Barcelos,Dourado,Dafiti,Sandália Feminina Luiza Barcelos Couro S...,"Calçados,Calçados Femininos,Tamanco","R$ 699,99","R$ 379,99","R$ 404,24",5x
Moleca,Marrom,Dafiti,Sapatilha Feminina Moleca Laço Marrom,"Calçados,Calçados Femininos,Sapatilhas,Sapatilha Bico Fino","R$ 59,90","R$ 39,99","R$ 42,54",1x
Melissa,Azul,Dafiti,Sandália Feminina Melissa Plataforma Azul,"Calçados,Calçados Femininos,Sandálias","R$ 279,90","R$ 263,10","R$ 279,89",4x
Vicenza,Marrom,Dafiti,Rasteira Fechada Feminina Vicenza Bico Q...,"Calçados,Calçados Femininos,Rasteirinhas","R$ 595,00","R$ 319,99","R$ 340,41",5x
VIA UNO,Marrom,Dafiti,Scarpin Feminino Via Uno Salto Grosso Bi...,"Calçados,Calçados Femininos,Scarpin","R$ 119,99","R$ 74,99","R$ 79,78",1x
Luiza Barcelos,Marrom,Dafiti,Rasteira Feminina Luiza Barcelos Amarraç...,"Calçados,Calçados Femininos,Rasteirinhas","R$ 599,90","R$ 563,90","R$ 599,89",5x
Luiza Barcelos,Marrom,Dafiti,Sandália Feminina Luiza Barcelos Salto B...,"Calçados,Calçados Femininos,Tamanco","R$ 999,90","R$ 399,99","R$ 425,52",5x
Vizzano,Off-white,Dafiti,Rasteira Papete Vizzano Pedraria Off-White,"Calçados,Calçados Femininos,Papete,Rasteirinhas","R$ 139,99","R$ 84,99","R$ 90,41",1x
Arezzo,Bege,Dafiti,Scarpin Feminino Arezzo Couro Bicolor Sa...,"Calçados,Calçados Femininos,Scarpin","R$ 399,90","R$ 375,90","R$ 399,89",5x
Lança Perfume,Marrom,Dafiti,Rasteira Fechada Feminina Lança Perfume ...,"Calçados,Calçados Femininos,Rasteirinhas","R$ 663,00","R$ 299,99","R$ 319,14",5x
Capodarte,Caramelo,Dafiti,Scarpin Feminino Capodarte Baixo Bico Fi...,"Calçados,Calçados Femininos,Scarpin","R$ 660,00","R$ 249,99","R$ 265,95",4x
Capodarte,Branco,Dafiti,Rasteira Feminina Capodarte Ponta Quadrada Branca,"Calçados,Calçados Femininos,Rasteirinhas","R$ 220,00","R$ 139,99","R$ 148,93",2x
Fila,Bege,Dafiti,Chinelo Feminino Fila Drifter Panto Bege,"Calçados,Calçados Femininos,Chinelos","R$ 199,99","R$ 124,99","R$ 132,97",2x
Santa Lolla,Dourado,Dafiti,Scarpin Feminino Santa Lolla Amarração Dourado,"Calçados,Calçados Femininos,Scarpin","R$ 249,90","R$ 134,99","R$ 143,61",2x
Arezzo,Dourado,Dafiti,Scarpin Feminino Arezzo Trançado Dourado,"Calçados,Calçados Femininos,Scarpin","R$ 499,90","R$ 469,90","R$ 499,89",5x
Luiza Barcelos,Marrom,Dafiti,Rasteira Feminina Luiza Barcelos Tachas ...,"Calçados,Calçados Femininos,Rasteirinhas","R$ 899,90","R$ 449,99","R$ 478,71",5x
Luiza Barcelos,Caramelo,Dafiti,Rasteira Gladiadora Luiza Barcelos Tachas Caramelo,"Calçados,Calçados Femininos,Rasteirinhas","R$ 799,90","R$ 409,99","R$ 436,16",5x
Luiza Barcelos,Bege,Dafiti,Rasteira Feminina Luiza Barcelos Efeito ...,"Calçados,Calçados Femininos,Rasteirinhas","R$ 799,90","R$ 449,99","R$ 478,71",5x
Beira Rio,Preto,Dafiti,Rasteira Flatform Beira Rio Aplicação Preta,"Calçados,Calçados Femininos,Rasteirinhas","R$ 169,99","R$ 84,99","R$ 90,41",1x
Luiza Barcelos,Dourado,Dafiti,Rasteira Feminina Luiza Barcelos Tiras M...,"Calçados,Calçados Femininos,Rasteirinhas","R$ 359,90","R$ 209,99","R$ 223,39",3x
Santa Lolla,Preto,Dafiti,Rasteira Feminina Santa Lolla Tiras Pedr...,"Calçados,Calçados Femininos,Rasteirinhas","R$ 229,90","R$ 129,99","R$ 138,29",2x
Jorge Bischoff,Preto,Dafiti,Slide Feminino Jorge Bischoff Animal Print Preta,"Calçados,Calçados Femininos,Rasteirinhas","R$ 349,00","R$ 134,99","R$ 143,61",2x
Arezzo,Marrom,Dafiti,Rasteira Feminina Arezzo Couro Fechada Marrom,"Calçados,Calçados Femininos,Rasteirinhas","R$ 399,90","R$ 375,90","R$ 399,89",5x
Lança Perfume,Branco,Dafiti,Rasteira Fechada Feminina Lança Perfume ...,"Calçados,Calçados Femininos,Rasteirinhas","R$ 693,00","R$ 319,99","R$ 340,41",5x
Beira Rio,Marrom,Dafiti,Rasteira Feminina Beira Rio Tiras Detalh...,"Calçados,Calçados Femininos,Rasteirinhas","R$ 129,90","R$ 74,99","R$ 79,78",1x
Luiza Barcelos,Preto,Dafiti,Rasteira Feminina Luiza Barcelos Couro D...,"Calçados,Calçados Femininos,Rasteirinhas","R$ 799,90","R$ 339,99","R$ 361,69",5x
Jorge Bischoff,Preto,Dafiti,Rasteira Feminina Jorge Bischoff Tiras Preta,"Calçados,Calçados Femininos,Rasteirinhas","R$ 699,00","R$ 379,99","R$ 404,24",5x
VIA UNO,Dourado,Dafiti,Rasteira Feminina Via Uno Metalizada Dourada,"Calçados,Calçados Femininos,Rasteirinhas","R$ 119,99","R$ 89,99","R$ 95,73",1x
VIA UNO,Marrom,Dafiti,Rasteira Feminina Via Uno Tiras Finas Marrom,"Calçados,Calçados Femininos,Rasteirinhas","R$ 119,99","R$ 89,99","R$ 95,73",1x
VIA UNO,Caramelo,Dafiti,Sandália Via Uno Lisa Caramelo,"Calçados,Calçados Femininos,Sandálias,Sandália Salto Grosso","R$ 99,90","R$ 79,99","R$ 85,10",1x
Arezzo,Vinho,Dafiti,Sandália Feminina Arezzo Salto Alto Médio Vinho,"Calçados,Calçados Femininos,Sandálias,Sandália Salto Fino","R$ 399,90","R$ 375,90","R$ 399,89",5x
VIA UNO,Dourado,Dafiti,Sandália Via Uno Metalizada Dourada,"Calçados,Calçados Femininos,Sandálias,Sandália Salto Grosso","R$ 109,99","R$ 79,99","R$ 85,10",1x
VIA UNO,Preto,Dafiti,Sandália Feminina VIA UNO Salto Bloco De...,"Calçados,Calçados Femininos,Tamanco","R$ 129,99","R$ 104,99","R$ 111,69",1x
VIA UNO,Nude,Dafiti,Sandália Via Uno Salto Baixo Nude,"Calçados,Calçados Femininos,Sandálias,Sandália Salto Fino","R$ 119,99","R$ 99,99","R$ 106,37",1x
VIA UNO,Caramelo,Dafiti,Sandália Feminina VIA UNO Salto Bloco De...,"Calçados,Calçados Femininos,Tamanco","R$ 129,99","R$ 104,99","R$ 111,69",1x
VIA UNO,Off-white,Dafiti,Sandália Feminina VIA UNO Salto Bloco Off-White,"Calçados,Calçados Femininos,Tamanco","R$ 129,99","R$ 104,99","R$ 111,69",1x
Jorge Bischoff,Caramelo,Dafiti,Mocassim Jorge Bischoff Loafer Caramelo,"Calçados,Calçados Femininos,Mocassim","R$ 449,00","R$ 149,99","R$ 159,56",2x
Kolosh,Bege,Dafiti,Tênis Feminino Kolosh Têxtil Bege,"Calçados,Calçados Femininos,Tênis,Tênis Casual","R$ 289,99",N/A,"R$ 289,99",4x
Usaflex,Preto,Dafiti,Rasteira Feminina Usaflex Aberta Tiras Preta,"Calçados,Calçados Femininos,Rasteirinhas","R$ 169,99",N/A,"R$ 169,99",2x
VIA UNO,Preto,Dafiti,Sapatilha Via Uno Aplicação Preta,"Calçados,Calçados Femininos,Sapatilhas,Sapatilha Bico Fino","R$ 99,99","R$ 74,99","R$ 79,78",1x
Arezzo,Preto,Dafiti,Sandália Feminina Arezzo Salto Médio Fiv...,"Calçados,Calçados Femininos,Sandálias,Sandália Salto Fino","R$ 399,90","R$ 375,90","R$ 399,89",5x
Santa Lolla,Preto,Dafiti,Sandália Feminina Santa Lolla Salto Bloc...,"Calçados,Calçados Femininos,Sandálias,Sandália Salto Grosso","R$ 189,90",N/A,"R$ 189,90",3x
Melissa,Rosa,Dafiti,Chinelo Melissa Sun Long Beach Ii Rosa,"Calçados,Calçados Femininos,Chinelos","R$ 89,90","R$ 84,50","R$ 89,89",1x
Melissa,Off-white,Dafiti,Chinelo Slide Melissa Minnie Off-White,"Calçados,Calçados Femininos,Chinelos","R$ 249,90","R$ 234,90","R$ 249,89",4x
Melissa,Preto,Dafiti,Chinelo Feminino Melissa Slide Mickey Preto,"Calçados,Calçados Femininos,Chinelos","R$ 249,90","R$ 234,90","R$ 249,89",4x
Melissa,Azul,Dafiti,Chinelo Slide Feminino Melissa Stitch Azul,"Calçados,Calçados Femininos,Chinelos","R$ 249,90","R$ 234,90","R$ 249,89",4x
Melissa,Marrom,Dafiti,Chinelo Melissa Sun Long Beach Ii Marrom,"Calçados,Calçados Femininos,Chinelos","R$ 89,90","R$ 84,50","R$ 89,89",1x
